feature,classifier_attribution
Methy_TMBIM1,0.0026406697
SLA2,0.0025876497
ODF1,0.0021871584
PMS2L3,0.002063398
TBC1D1,0.0020268988
ZNF165,0.0020142759
MS4A7,0.0019884189
PLEKHA9,0.0018973793
PHKG2,0.0018675819
MEX3A,0.0018624872
Methy_PCDHA13,0.0018233635
Methy_PTOV1,0.0018081696
TPD52L1,0.0017788021
Methy_RSL1D1,0.0017254086
TIGD3,0.0016698345
TPK1,0.0016603626
MYSM1,0.0016592833
SNRPD1,0.001653608
METTL9,0.0016420375
WDR48,0.0016362153
Methy_SMPD3,0.001634709
Methy_MAP6,0.0016053054
MOV10L1,0.0016011256
OPN4,0.0015911938
UCHL1,0.0015885264
SAFB2,0.001583343
Methy_RFWD3,0.001580147
MTMR11,0.0015679832
TRIM45,0.0015647124
Methy_PROC,0.0015572492
RNF152,0.0015143633
ZDHHC7,0.0014926776
STXBP1,0.0014911315
ZNF530,0.0014902278
Methy_OR6F1,0.001490028
ZNF658,0.0014849191
ZFAND1,0.0014726566
PPBP,0.001468386
SLC7A4,0.0014645159
PMM1,0.0014558396
SFTPD,0.0014523852
PAPSS2,0.0014467888
Methy_OR2M1P,0.0014465676
MANSC1,0.0014445557
RBM17,0.0014389356
MORN3,0.0014293912
TMEM27,0.0014292162
NOVA1,0.0014238505
SAP30L,0.0014107113
Methy_OR10A4,0.0014058722
MTMR1,0.0014033245
RWDD1,0.0013961807
TSPAN32,0.0013934292
ZNF565,0.0013910984
ZDHHC18,0.0013909268
Methy_ZFAND1,0.0013789077
MARVELD2,0.0013710051
TBC1D24,0.0013695351
TM7SF2,0.0013608589
RNF121,0.0013592016
NCOA1,0.0013583569
STX18,0.001355839
RGL3,0.0013424353
SLC30A9,0.0013378061
MMD,0.0013351007
SRP72,0.0013339956
PTPN3,0.0013305532
PAK1,0.0013287357
Methy_PPP1CA,0.0013285094
ZNF137,0.0013277583
RQCD1,0.0013277127
SLC10A4,0.0013269286
OSTalpha,0.0013215827
NIPA1,0.0013212585
VANGL1,0.0013185289
RBM24,0.0013173082
WBSCR16,0.001314569
OFD1,0.0013137895
Methy_RUFY2,0.0013101614
PCDHA6,0.001309606
MBNL1,0.001307551
RAI14,0.0013059408
RBM28,0.0013042134
RFWD2,0.0013036248
MCM7,0.0013032777
Methy_ZNF570,0.0013018674
PARP14,0.0012950769
PER2,0.0012929294
OR10S1,0.0012837609
ZFPM2,0.0012836535
PPIL3,0.0012814861
Methy_PGRMC2,0.0012798165
UBE2V1,0.0012666396
TNS1,0.0012658731
Methy_OR4D6,0.0012644446
ZC3H10,0.0012639494
SFRS4,0.0012632317
RNF38,0.0012624944
PCP4L1,0.0012597116
RNF11,0.0012584119
NKD2,0.0012575809
SLA,0.0012575077
MEPE,0.0012506592
THYN1,0.0012475507
TOMM70A,0.0012435208
NICN1,0.001243374
Methy_ZNF573,0.0012424254
SLC25A33,0.0012422877
SLC39A10,0.0012417936
MAGED1,0.001238751
ZNF367,0.0012384765
SMN1,0.0012384579
SEMA4F,0.0012369511
SGK2,0.0012362147
PRPF4,0.0012332761
MMP9,0.0012322962
Methy_SPACA1,0.0012304811
TAF1C,0.0012294363
Methy_MASP2,0.0012288779
TIMM50,0.0012276871
UTS2D,0.0012273766
STX1A,0.0012267991
SNRPA1,0.0012262561
SLC44A5,0.0012240313
TUBB2C,0.0012224446
ZNF598,0.0012216888
NUP188,0.0012177663
Methy_TCP11L2,0.0012160017
NFKBIL1,0.0012134857
SLBP,0.0012038507
TRIOBP,0.0012022542
Methy_RFPL3S,0.001200722
STK38,0.0011978924
MCAT,0.0011974085
PHACTR4,0.0011898896
NMU,0.0011882612
Methy_PHLDB1,0.0011879513
Methy_NFATC1,0.0011872438
SLC2A4RG,0.0011867053
MRO,0.0011840276
SRGAP1,0.0011813575
RAB3GAP1,0.0011802898
SLC25A34,0.0011790094
ZFP161,0.0011778332
MFNG,0.0011769978
NPY6R,0.0011768113
ZNF334,0.0011767045
ZBTB3,0.0011762779
STARD6,0.0011705762
PIAS4,0.0011688882
WNT8A,0.001166198
PRKD3,0.0011661892
TRAPPC5,0.0011651248
ZNF575,0.0011639486
TIE1,0.0011628662
S100A5,0.0011613584
Methy_PSRC1,0.0011604687
PIAS2,0.001156703
ZMAT4,0.0011561827
Methy_S100PBP,0.0011560427
MFN2,0.0011524895
UQCRC1,0.0011520176
PTP4A1,0.001151991
PVALB,0.0011516812
USP11,0.001149914
UCHL5,0.001149697
PHYH,0.0011490835
PTPRT,0.0011442859
TMEM2,0.0011424833
PAH,0.0011407151
Methy_TMC5,0.0011405997
SNAP29,0.0011394036
Methy_STAM2,0.0011393239
WBSCR22,0.001138893
RSAD1,0.001137216
SLC16A6,0.001135829
USP34,0.0011352828
ST6GAL2,0.0011325682
WDR73,0.001132372
MBOAT4,0.0011296266
VBP1,0.0011283995
Methy_RLN3,0.001126261
PKN2,0.0011240061
SST,0.0011220735
NDN,0.0011219649
PCP4,0.0011214612
THAP3,0.0011208165
TRABD,0.0011196809
TEF,0.001119456
OR2A2,0.0011174097
PTPN20B,0.001117329
ZNF32,0.0011151358
Methy_PCID2,0.0011149416
RAD51C,0.0011146854
MED4,0.001109089
Methy_OR2AE1,0.0011070604
SIX3,0.0011069351
PLCE1,0.001103463
NBPF1,0.0011024587
STAU1,0.001101884
Methy_NFKBIL2,0.0011010853
REPS1,0.0010994946
RAB6A,0.0010991321
Methy_OR2M2,0.0010982205
TXNDC5,0.0010978585
MCHR1,0.0010968274
RPH3A,0.0010963947
Methy_UBR5,0.0010942017
RAD54L,0.0010935513
PEX11B,0.0010925296
RANBP3L,0.0010924928
RHBDF2,0.001088084
NR0B2,0.0010872583
PPARA,0.0010844526
PDS5A,0.0010821057
Methy_TRIM29,0.0010817387
QRSL1,0.0010815641
TM6SF1,0.001080919
Methy_OR6C4,0.0010796596
ZNF222,0.0010790722
PARP11,0.0010781311
MTR,0.0010777964
Methy_SMR3A,0.0010775924
NFIL3,0.0010738331
PIH1D1,0.0010734395
PPM1L,0.0010728728
TAF8,0.0010711149
SERPINB6,0.0010703257
PCDHA2,0.0010701754
SUCLA2,0.0010695084
TLR9,0.0010679433
STK10,0.0010668844
RHOV,0.0010664219
Methy_PYGL,0.0010663834
Methy_RSF1,0.001062572
Methy_PIWIL1,0.0010620598
PSMD8,0.001060722
VAT1,0.0010606452
NETO2,0.0010605289
SENP2,0.0010587618
PGS1,0.0010585802
Methy_RDH12,0.0010544598
PML,0.0010541257
Methy_SGCD,0.0010531411
SPATA7,0.0010515482
Methy_ZNF230,0.0010472258
RNASEH1,0.0010471977
SCAPER,0.0010468563
SGCG,0.0010464297
ZCRB1,0.0010463895
TCEAL7,0.0010456417
UBQLNL,0.0010455208
SLC6A1,0.0010452702
RAB3B,0.0010428826
TPM1,0.0010411714
ZNF318,0.0010408295
ZNF174,0.0010405071
MMRN2,0.001039253
POLG,0.0010387264
MAPK10,0.0010381399
SPRR2D,0.0010365001
SPEN,0.0010362341
PPOX,0.0010344232
Methy_UPK3B,0.0010273977
NSL1,0.0010271709
POLR2E,0.001027128
SLC19A3,0.001024508
ZNF76,0.001024132
Methy_NSUN6,0.0010240589
ZNF8,0.0010230497
SLC7A7,0.0010217371
TNPO2,0.0010216684
OR2W3,0.0010204435
SLC43A3,0.0010192406
STK40,0.0010191458
PAFAH1B3,0.001018338
PIGS,0.0010183371
TFCP2,0.0010179639
RAB7L1,0.0010173866
Methy_ZNF354A,0.0010162583
TPI1,0.0010152677
ZNF610,0.0010149517
RTN4R,0.0010121414
PDCD6,0.0010115064
NFKBIE,0.0010082788
RFX5,0.0010047096
RORB,0.001004702
Methy_PPP2R5C,0.0010045156
METTL2B,0.001003346
TBR1,0.0010028358
OTUD3,0.0010025221
PIK3R4,0.0010024278
Methy_PPIL2,0.0010022495
Methy_SMPDL3B,0.0010011022
SLC25A27,0.0009996617
WDR61,0.0009970954
SSTR1,0.0009970408
RAMP3,0.0009943811
NFATC2IP,0.0009928952
Methy_PSMC3IP,0.0009921598
SLC8A2,0.0009903663
TUBGCP5,0.0009899064
SNX8,0.0009898186
STAT5A,0.0009890425
ZNF527,0.0009863925
TPD52,0.0009859484
SUPT4H1,0.0009840565
MS4A4A,0.0009832701
TUSC5,0.0009827373
PHKA2,0.0009819366
OR2L13,0.0009792729
OGFOD1,0.000979088
STAT3,0.0009772304
ZC3H12C,0.0009762019
Methy_ZNF229,0.00097594183
TAS2R14,0.0009755406
MACROD2,0.0009753616
SHROOM1,0.0009752053
SPRY1,0.0009745033
SSH2,0.0009742396
Methy_SSTR3,0.0009731379
SC4MOL,0.00097254367
PNMA5,0.0009719933
SLC35C1,0.0009702042
NINJ1,0.00096805475
ORMDL2,0.000966601
PEBP1,0.0009656891
WARS,0.0009654107
MTMR3,0.0009647394
WNT7B,0.000964156
TMEM163,0.0009633957
TSSK4,0.0009630033
METTL7B,0.0009623086
Methy_MESP2,0.0009616305
RAB7A,0.00096137717
SEC61A1,0.0009605255
PNRC1,0.0009585974
TAGLN3,0.00095737894
RAG1AP1,0.00095718843
SCOC,0.00095664803
ZKSCAN4,0.000956011
MYEF2,0.00095570786
TAF3,0.00095278723
MAPK12,0.00095243135
STXBP4,0.00095167
RGS4,0.0009512286
Methy_ZNF80,0.0009502858
MAGEA1,0.0009495749
NT5C2,0.0009490069
Methy_PLP2,0.0009489462
TMOD4,0.00094857335
Methy_UQCC,0.00094809366
RPS6KB1,0.0009473528
Methy_MIXL1,0.00094697124
PIK3R5,0.0009461735
SUOX,0.0009459681
MPPE1,0.0009454884
PRC1,0.00094535365
YTHDF1,0.00094478804
SYTL4,0.0009439401
RPL36A,0.00094216026
ZNF561,0.00094019825
PRPF40B,0.0009391041
SCN4B,0.00093843206
TBC1D2B,0.00093640544
PAIP1,0.0009360196
TCEAL5,0.0009354354
VAV2,0.0009350784
NELL1,0.00093411794
TLR2,0.00093367236
Methy_TSGA10,0.00093273603
PLXNB1,0.0009324776
Methy_SLAMF7,0.00093227596
PTH2R,0.00093129656
MBD3,0.00093081663
RBM4B,0.0009295164
Methy_PGBD5,0.00092943915
OR2AG2,0.0009287667
NHLRC1,0.0009283876
PLCH2,0.00092812267
SSFA2,0.0009273642
SPCS1,0.00092602166
NDUFAF1,0.00092566374
SPP2,0.0009244037
SLC10A5,0.0009243596
Methy_PSMC1,0.00092297676
TM4SF18,0.00092278933
NEK6,0.00092261296
OXCT1,0.000920836
Methy_RGS4,0.0009207386
Methy_TMLHE,0.0009193081
MON2,0.00091823866
SPINT2,0.0009176746
Methy_PHOX2A,0.0009169158
Methy_NYX,0.00091472466
MYBBP1A,0.0009142965
PDHB,0.0009137433
Methy_TTL,0.00091227907
Methy_PNMA5,0.0009109775
SLITRK5,0.0009105917
Methy_TRIAP1,0.0009099226
MTMR6,0.00090934936
SRFBP1,0.00090845634
RBP5,0.0009077477
NOTCH4,0.0009074098
Methy_MCM10,0.00090738246
ZCCHC7,0.00090645795
RRAGD,0.0009044127
NRK,0.0009029536
SCGB1A1,0.0009029299
UTP14C,0.00090237684
VPS4A,0.00090197794
ZNF276,0.0009017519
ZNF398,0.0009016043
ZCCHC8,0.0009013371
Methy_TCEAL3,0.0009012975
PBX3,0.0009012261
PEX6,0.000901042
UPB1,0.0009003877
Methy_TSEN54,0.0008997012
Methy_MUC5B,0.0008988675
PEAR1,0.0008988274
SYNPO2,0.00089846994
RUFY1,0.0008978298
Methy_ROBO3,0.00089694094
OSBPL1A,0.00089633197
RASL10A,0.00089509465
RHEB,0.0008950177
RNF135,0.00089464954
TUB,0.00089462765
ZSCAN18,0.00089457305
PORCN,0.00089382223
WDR25,0.0008937327
ZNF41,0.0008935709
Methy_SUCNR1,0.00089306536
RGS3,0.0008926967
MYH11,0.000892402
RPGRIP1L,0.00089219306
SMS,0.00089174596
RNF169,0.0008909123
TRIM9,0.0008908121
Methy_SEPP1,0.0008903978
RTF1,0.0008894794
Methy_RPL6,0.0008891023
PDCD2L,0.000889079
TMEM39A,0.00088836456
Methy_WFIKKN2,0.0008867102
Methy_TRAPPC3,0.0008858452
SGPL1,0.00088572263
Methy_XCR1,0.0008856839
PFKFB3,0.00088564894
Methy_SEPT3,0.00088516285
ZDHHC9,0.00088274444
SMN2,0.00088260975
TMEM158,0.00088248256
SEC16B,0.00088206516
SLC7A14,0.00088186626
Methy_VSNL1,0.00088142545
SPIN3,0.00088060816
OXR1,0.0008802462
MAP2K3,0.0008802045
Methy_SSU72,0.0008790734
RPL27,0.00087779295
TARBP1,0.00087775296
RNF166,0.0008776091
SIM2,0.00087475387
PGBD1,0.0008745615
PTPLAD1,0.0008745158
Methy_VDAC3,0.000874034
MICA,0.00087385444
Methy_TNFRSF11A,0.00087307557
MYB,0.00087288953
Methy_PCDHA3,0.0008726981
Methy_RND1,0.0008722729
MED31,0.00087215815
TYROBP,0.0008715056
ZRANB2,0.00087132293
Methy_VDAC2,0.00087100634
PISD,0.0008704612
VAMP5,0.00087000785
PTGES,0.0008697009
Methy_PRPF38B,0.0008696491
RAB13,0.00086836156
PPP2R5C,0.0008678921
SLC4A11,0.00086770667
PPM1D,0.000867487
MLPH,0.00086739525
VSNL1,0.00086655153
NLK,0.00086631515
ZKSCAN5,0.0008651175
Methy_MED9,0.00086499535
Methy_MICB,0.00086476497
Methy_TEX15,0.0008641855
Methy_NUPR1,0.00086404424
MAGEL2,0.00086366077
SDSL,0.000862997
Methy_ZNF396,0.0008621274
RAPGEF4,0.0008598215
TLR7,0.0008595235
RPL32,0.0008593678
MAPK8,0.0008590975
TMEM106A,0.00085865415
TENC1,0.00085788564
NFASC,0.0008578336
ZBTB34,0.0008573818
PVRL3,0.00085693266
MKRN3,0.00085685763
TMEM43,0.00085617846
PTPRF,0.00085536885
Methy_WASF3,0.0008542012
PCDHA13,0.000854103
MRPL30,0.00085348374
Methy_MS4A7,0.0008528192
TMEM53,0.0008525921
MTX2,0.00085252564
WSCD1,0.00085236033
PTRF,0.00085215084
PPP1R3B,0.0008519549
NMI,0.00085142744
PCOLCE,0.00085128215
Methy_TCEAL2,0.0008503821
RASEF,0.00085034716
SAMD13,0.00084999733
Methy_SMAD6,0.0008499597
TCOF1,0.00084966386
RAI1,0.00084945804
PHF19,0.0008493891
QRICH1,0.0008490948
Methy_MAS1,0.00084907934
WISP1,0.00084869977
TSPY2,0.00084852503
SMARCA4,0.0008480906
RTN4IP1,0.00084781006
ZNF678,0.00084692973
PDE7B,0.0008456187
RPPH1,0.0008451482
MAT2B,0.0008447431
Methy_MXD4,0.0008445492
MRPL24,0.00084438064
Methy_MAP1LC3B,0.0008439802
Methy_SLC4A5,0.00084379624
SUPT16H,0.0008433662
TRIM47,0.0008431927
TNFSF13,0.0008429035
MAPRE2,0.00084262225
RFK,0.0008424163
SYNGR4,0.000841967
PRSS3,0.0008412371
Methy_RBM5,0.00084110996
RPS5,0.0008394326
SLC25A29,0.0008384496
UNKL,0.000837789
TKT,0.00083762774
ZFHX3,0.0008371979
YPEL1,0.0008370573
SFTPB,0.00083633536
Methy_MSX2P1,0.00083625485
RSPO2,0.0008359468
Methy_RNF157,0.000833472
STAT6,0.00083305815
Methy_RFTN2,0.0008323072
NFATC2,0.00083223014
RNASE6,0.00083100016
ZNF280D,0.0008294071
PHYHIP,0.0008292638
SNAPC2,0.0008287387
POLS,0.0008286545
TCIRG1,0.0008280518
TMEM97,0.00082800986
Methy_STK16,0.00082767126
SLC27A2,0.0008270292
TMEM68,0.00082657347
LZTS2,0.00082630286
ZNF689,0.0008260082
SNAPC5,0.0008253601
ZNF778,0.00082515535
RPS10,0.00082440005
PCK1,0.00082363177
MRAP,0.0008234903
Methy_PSTK,0.00082329713
WNT6,0.0008231252
SCN8A,0.0008224358
TDRD5,0.00082149333
Methy_RTN4,0.0008212747
VASP,0.00082112383
POGK,0.00082051393
OAS2,0.0008203366
Methy_RBX1,0.00081996433
ROR1,0.0008199482
PHF8,0.00081939186
RASSF4,0.0008193856
SRP19,0.0008182447
Methy_WBP11P1,0.0008176875
NDRG1,0.0008172582
Methy_VGLL1,0.00081653637
RPLP1,0.0008161835
NPY2R,0.0008160833
Methy_MUC2,0.0008157866
PSMD9,0.0008156809
MEF2C,0.0008149976
NME5,0.0008149589
Methy_SLC25A31,0.0008148375
REEP1,0.00081475114
Methy_ZNF579,0.0008142477
TAC3,0.00081292307
ROPN1B,0.0008125568
Methy_SUSD1,0.0008124536
Methy_TXNL1,0.0008111498
SLC35A1,0.0008103175
PYGL,0.00081024546
YWHAB,0.0008100572
POP1,0.0008100199
PDIA4,0.00080992735
RBM33,0.0008097489
Methy_SPRN,0.00080974336
Methy_TDRD10,0.00080943474
Methy_STRA8,0.00080927234
NFE2,0.000808702
PTDSS2,0.00080857653
SEMA3E,0.0008071156
TMEM87B,0.0008068882
SOX11,0.00080688094
Methy_SMR3B,0.0008068659
P4HB,0.0008066852
MKS1,0.00080619415
OR7G3,0.0008060944
TGS1,0.00080608664
SYT12,0.00080590014
Methy_SRF,0.00080401776
Methy_TNFSF10,0.00080374454
TRIM7,0.0008020692
SEZ6L,0.00080195896
THAP4,0.0008017116
SEH1L,0.0008006396
NDUFA5,0.00080043136
TRAPPC2L,0.0007996496
Methy_SEMA4A,0.0007993816
SLCO4A1,0.00079931354
Methy_TBC1D22A,0.00079888274
OR4C45,0.0007984946
SNAPC4,0.00079825625
TPD52L2,0.0007982289
RAB11FIP1,0.000797926
PIGB,0.00079718203
Methy_TTLL6,0.00079654873
Methy_PTPRQ,0.0007964411
OR7G2,0.00079635245
RUNDC1,0.0007959926
RAD51L1,0.00079570455
Methy_RBM41,0.0007957033
MCCC2,0.00079518236
Methy_RPL9,0.0007951421
TBXA2R,0.00079509657
Methy_TBC1D10A,0.0007943899
SMAD9,0.0007940522
SLC32A1,0.00079341524
SOBP,0.00079315563
Methy_MTHFR,0.0007926288
RAB3C,0.0007924115
SLC26A6,0.000792361
POU2F2,0.0007915025
Methy_STC1,0.0007914472
RAB40A,0.00079139316
PCLO,0.00079137774
Methy_POLE3,0.00079022365
PEX16,0.0007901681
ZFYVE20,0.0007900962
Methy_RAMP2,0.0007900232
ORC2L,0.00078986085
Methy_STK11,0.00078928925
Methy_OBP2B,0.00078926753
LYZL6,0.0007890815
Methy_PLAC8L1,0.0007889667
SURF6,0.0007884635
VTA1,0.00078823796
ZNRF2,0.00078811875
RHOJ,0.0007875156
TMEM41B,0.0007871989
ZNF688,0.00078694086
SEC16A,0.0007866639
RUNDC3B,0.00078591285
TMEM14B,0.0007857085
Methy_SFRS16,0.0007838957
Methy_SERPINA9,0.00078376994
RAB43,0.0007831533
SNX10,0.0007830084
Methy_SYCP3,0.0007828713
TRA2A,0.000782215
UNC13D,0.00078129634
MRPL40,0.0007797897
ZNF354A,0.0007797511
SMAD2,0.0007792483
Methy_NPPB,0.00077908934
Methy_TBC1D4,0.00077869825
PARP4,0.00077820435
RFC1,0.0007781652
RP5-1022P6.2,0.00077811594
Methy_TMEM160,0.0007779671
ZNF10,0.0007778466
Methy_MAP1D,0.00077784265
NAV2,0.0007767263
SCYL3,0.00077649154
SASH1,0.0007763903
PECAM1,0.0007758195
Methy_PLEKHA3,0.00077533623
TMEM189,0.0007752879
MITD1,0.0007746049
Methy_MTA2,0.00077442103
Methy_TCEAL7,0.00077431207
NUP153,0.00077414396
SYT8,0.00077353726
WSB2,0.0007735274
Methy_ZNF620,0.0007732169
Methy_NSMCE1,0.0007731719
Methy_UNC93A,0.0007730647
TUBG2,0.00077300484
RPS29,0.0007724994
ZMYM4,0.00077224075
Methy_TSG101,0.0007709758
Methy_PON1,0.0007700598
SPANXE,0.00076923124
NRIP1,0.0007690892
SRRM2,0.0007689317
UBE2C,0.0007681407
PMS2L11,0.00076800777
PARL,0.00076742494
YY1,0.00076561415
TMEM155,0.00076536083
Methy_RAB21,0.0007646476
SIAH2,0.0007645088
Methy_SHFM1,0.000764192
NLRP3,0.000764125
RERG,0.0007640167
RABAC1,0.00076347176
TM7SF4,0.0007630843
SLC2A1,0.00076305977
NCK2,0.00076299853
RNF25,0.00076260313
Methy_VTA1,0.0007623036
PHF5A,0.0007622287
MEGF8,0.0007622279
ZNF511,0.0007618239
LYSMD2,0.0007614531
SCG3,0.0007612881
SLC25A15,0.00076066976
PRH1,0.00075989513
PKIB,0.00075903727
PNMA1,0.0007589504
Methy_OTX2,0.00075846026
Methy_ZNF277,0.0007574069
SCAMP3,0.0007573879
Methy_USP42,0.0007567254
TARS2,0.00075655925
PHTF1,0.00075651705
TOX2,0.0007552689
SEPT8,0.0007543765
TNPO1,0.00075380545
Methy_WDR24,0.00075369986
PRRG4,0.00075320725
Methy_NOX4,0.0007527619
SPAG7,0.00075232016
Methy_ZNF417,0.00075218617
WDR3,0.00075122603
Methy_TCEAL1,0.00075110496
Methy_TRIM40,0.00075050804
ZFYVE16,0.0007504003
SR140,0.00075030676
TNFRSF10D,0.0007499968
PRELP,0.0007497355
PANK2,0.0007488881
PPP1CC,0.0007481106
MAFF,0.0007480169
RHOD,0.0007476666
Methy_RPP25,0.00074765855
PCTP,0.0007472679
Methy_NT5DC3,0.0007470445
ZNF595,0.00074695697
WDR17,0.0007454844
MAPKAPK3,0.000745434
PPP4R1,0.00074539083
SLC7A9,0.00074537937
YWHAE,0.0007446464
SPIRE2,0.000744448
TBX6,0.00074425305
STXBP5L,0.0007439365
Methy_PAK1,0.00074388075
SLIT2,0.0007438272
Methy_ZNF74,0.00074347696
TUBG1,0.00074311864
NKD1,0.00074308185
RBM14,0.0007429359
PDGFC,0.00074289716
Methy_SSNA1,0.0007426416
Methy_VAV2,0.0007425525
MT1H,0.00074245105
MAN2B1,0.00074206624
PPP1R7,0.00074162846
RPP25,0.0007410608
RASSF1,0.0007409675
SYNE2,0.00074088207
Methy_MYBL2,0.0007403995
Methy_TRIM61,0.0007403728
TGFBR2,0.00073981885
VSIG2,0.00073858415
STXBP6,0.00073847774
SLC12A6,0.00073771935
RMND1,0.00073759997
OTOR,0.00073748245
RTN4RL1,0.00073745614
SRD5A3,0.00073744764
SLC39A9,0.000737412
Methy_RABGEF1,0.00073698844
RCN2,0.0007369314
USP28,0.0007364502
Methy_SLIT1,0.0007360895
SERPINA1,0.00073530694
TEAD4,0.0007344312
PRAM1,0.00073420315
SYNE1,0.00073369575
PMS1,0.0007326464
SFRS1,0.0007322623
SERPINB7,0.00073218
MED26,0.00073187525
ZBTB40,0.00073160045
Methy_PEX13,0.000731327
TNIK,0.0007311872
STX7,0.0007308417
SPATA19,0.00073014427
MLKL,0.000729887
RAD9B,0.0007298697
Methy_UBE2D4,0.0007296401
MOBKL2C,0.0007292705
ZNF221,0.0007284902
PPP1R14B,0.0007274864
SAMD11,0.0007273221
PSTPIP2,0.0007270048
MXD4,0.00072669936
TFDP2,0.0007263032
PTPN9,0.0007261474
NTHL1,0.0007261378
REEP4,0.0007255698
NR4A3,0.0007254693
WBP4,0.00072544155
Methy_SSH2,0.00072537526
PAPD4,0.0007252884
ZNF708,0.0007251935
NDUFA4L2,0.0007248198
NQO1,0.0007245133
ZNF200,0.0007243742
NEK11,0.00072425755
Methy_SPINK4,0.00072422554
Methy_PDZRN4,0.0007232063
Methy_OTOS,0.0007222499
Methy_ZNF20,0.00072179845
STX8,0.00072119327
Methy_OTUD5,0.0007211909
Methy_TPPP,0.00072056113
SLC1A2,0.00072049466
PSMD12,0.00072045275
Methy_OR5B21,0.00072021957
TTC8,0.00071969535
PLDN,0.0007196897
Methy_PADI3,0.00071936887
SH3BP2,0.0007193187
THSD7A,0.00071930344
VPS41,0.0007186863
NAPG,0.0007186592
NOLC1,0.00071791926
MCHR2,0.0007178858
TNFAIP8L3,0.00071732525
TEX10,0.0007170605
Methy_MLF2,0.00071697845
RIOK1,0.00071665796
REXO4,0.0007164098
Methy_TTC30A,0.000715566
PCID2,0.00071516715
OLA1,0.0007148817
Methy_STK39,0.0007148152
Methy_ZNF449,0.0007145994
PDE1B,0.00071446516
Methy_MS4A2,0.0007143046
Methy_MATR3,0.0007142218
TRMT5,0.0007141924
TMEM169,0.00071397884
ZNF57,0.000713967
ZNF441,0.00071375613
SYT1,0.0007137149
WDFY2,0.00071350636
VPS4B,0.00071306474
RWDD2A,0.0007125823
PCDH7,0.00071239186
SERTAD1,0.0007122997
TCEAL2,0.0007122927
NDUFA11,0.00071227277
Methy_PACSIN2,0.00071216567
PLOD2,0.00071213185
Methy_SLC30A10,0.00071156176
Methy_NUDT13,0.00070982793
Methy_UBC,0.00070961687
Methy_STMN3,0.0007095923
WDR89,0.0007093405
NOL11,0.00070880033
THPO,0.00070878206
MRPL28,0.00070846605
TNFRSF11B,0.00070772914
Methy_UNC84B,0.0007074574
TAF4B,0.00070743274
Methy_TBRG4,0.0007072321
SMO,0.00070711423
Methy_ZMYM3,0.00070690527
SIX1,0.00070678693
MRPL55,0.00070675806
Methy_NDUFA1,0.0007063937
RPS27L,0.00070625107
TM2D2,0.00070607214
Methy_TRUB1,0.00070603157
ZNF667,0.0007059796
MDH2,0.0007059324
ZMIZ2,0.00070588297
TOB2,0.00070577534
MAD2L1BP,0.00070527394
USP12,0.00070503575
Methy_PGRMC1,0.0007047977
NPPC,0.00070398743
RNASET2,0.0007039688
ST6GALNAC3,0.0007035767
TSPAN7,0.00070223317
TBC1D8B,0.0007020802
Methy_TSGA14,0.0007020649
Methy_SNX3,0.00070193957
Methy_RPS27L,0.0007018552
SLC1A7,0.00070175464
RNASE3,0.0007016024
Methy_SH2D1B,0.00070159463
Methy_PIGU,0.0007015829
RAB3IL1,0.0007013387
ZNF229,0.0007012582
UAP1L1,0.0007010173
Methy_SOSTDC1,0.0007009273
Methy_PTPRU,0.0007006321
PHB,0.0007000765
TCF7,0.0006998001
SLC22A1,0.0006988835
PTBP2,0.00069878314
TCEAL3,0.00069787697
PLK2,0.00069773843
Methy_PNPLA8,0.00069756404
Methy_NFAM1,0.0006974264
Methy_OTUD7B,0.0006973402
PTPN13,0.0006972919
Methy_TTC4,0.000696928
PRKAA2,0.0006969176
Methy_PTCH2,0.00069684174
OXA1L,0.00069653854
XCL2,0.0006962321
RPS14,0.0006960481
RCC1,0.00069601904
Methy_ZNF383,0.0006955527
UPK1A,0.0006955477
Methy_PCYOX1L,0.0006952923
PLCB4,0.00069505384
Methy_SLC34A2,0.0006947105
Methy_RHCG,0.0006945239
Methy_OR56A4,0.00069414766
Methy_PKD2L1,0.0006939008
YARS,0.0006937503
SETD1A,0.00069361244
Methy_SEMA3E,0.0006932168
Methy_PIF1,0.00069311296
ZNF711,0.0006923254
NDUFB7,0.0006921562
Methy_P2RY12,0.0006921437
PLEK2,0.00069171516
ZW10,0.00069111097
Methy_NEK10,0.0006911049
NLRC4,0.000690997
RANBP1,0.0006909969
Methy_RBPMS,0.0006908173
Methy_PSME4,0.00069034623
MMP24,0.0006899889
Methy_MARCH5,0.00068998465
MARK1,0.00068973465
TTLL11,0.00068965653
Methy_MSH6,0.00068907824
POLR3E,0.0006887957
USP3,0.00068870327
Methy_ZBTB33,0.0006886461
Methy_UTP11L,0.0006882576
ZNF175,0.0006877085
PFDN6,0.0006872187
SULT1C2,0.00068721565
NCOR2,0.00068710523
MYCBP2,0.0006869791
PAK6,0.00068689685
MFSD8,0.0006867568
TOMM22,0.00068673666
PLEKHA7,0.00068659225
SNRPE,0.0006861174
PKN3,0.0006858616
Methy_SNORD53,0.0006858531
Methy_TRAF3IP2,0.00068550324
SCHIP1,0.0006850651
WDR5B,0.0006848661
MAST3,0.00068475236
SEL1L,0.0006846977
Methy_RPS3,0.0006842448
NUDT6,0.00068392383
SCG2,0.0006838526
RAB22A,0.00068372436
SLC22A9,0.000683617
SLC39A11,0.00068301376
PPM1M,0.00068230025
NUFIP1,0.00068220386
Methy_PRDM7,0.00068201736
Methy_MRPL47,0.00068194245
TDGF3,0.0006819108
RINT1,0.0006816507
ZNF101,0.00068059925
RBM20,0.0006803924
Methy_MYH8,0.0006801824
Methy_WFDC8,0.0006801747
Methy_SMN1,0.0006801411
MTRR,0.0006797173
Methy_OCA2,0.0006795907
RAC2,0.0006793817
Methy_SOHLH2,0.00067922723
NDST1,0.00067913206
Methy_SLC41A3,0.0006789801
ZNF605,0.0006786152
WDR64,0.00067852676
ZNF774,0.00067809905
Methy_ZNF502,0.0006780375
TBXAS1,0.00067793555
PSEN2,0.00067750865
Methy_SPARC,0.0006765738
NXF1,0.0006765663
PLEKHG5,0.0006762386
TRAF3IP2,0.0006761717
Methy_PDK1,0.0006761498
Methy_RNF128,0.0006761104
SEMA4B,0.00067604776
Methy_VSX1,0.00067602715
NDUFA8,0.0006760106
SYT14,0.0006751319
ZNF85,0.0006750572
PTAR1,0.0006742478
Methy_RPS6KA1,0.0006741951
PELI2,0.00067365216
TXLNB,0.0006735547
Methy_PMCH,0.0006731213
Methy_TARDBP,0.00067277695
NME6,0.00067269773
NIF3L1,0.0006724713
Methy_ZNF683,0.0006721834
SELK,0.0006721689
NRBP2,0.0006717683
TRIM68,0.00067175494
NHLH2,0.00067166367
Methy_TCEAL6,0.0006713769
Methy_MARS,0.00067079003
Methy_RASD1,0.00067071914
TMC8,0.00067034346
Methy_VKORC1L1,0.00067014893
TMED5,0.00066955993
Methy_RNF113A,0.00066954526
PNOC,0.000669242
TIPRL,0.00066876085
PLCXD2,0.0006684
NDEL1,0.0006676174
PCMT1,0.0006675249
STOML1,0.0006674463
SAR1A,0.00066659536
Methy_RBP1,0.0006663858
TSR2,0.000666279
Methy_MYBPH,0.00066592835
THRAP3,0.0006658721
PSMG1,0.00066579215
ZNF706,0.00066562236
Methy_PAQR4,0.0006656035
Methy_SPIN1,0.0006655694
SPAG6,0.0006654042
TM2D1,0.0006650919
TNRC6A,0.00066507177
TMEM145,0.0006649351
Methy_TM4SF19,0.000664865
Methy_SLC16A13,0.0006647897
SFRS12,0.00066459185
Methy_PARP3,0.0006643893
PTOV1,0.0006642796
SNCB,0.000664118
RBP1,0.0006640436
SIRT5,0.0006637198
TSPY1,0.0006635728
MYT1L,0.00066350296
MLXIP,0.00066341256
MRPS23,0.0006627281
MRPS21,0.0006626571
TUBA1C,0.00066221325
Methy_NARG2,0.0006610906
PDE6A,0.0006609965
Methy_POP1,0.00066059816
Methy_ZBTB41,0.0006605771
PPP2R5B,0.00066032336
PRKAG1,0.00066027144
SRL,0.0006599093
MAN1A1,0.00065963494
PRMT3,0.00065936777
Methy_PCDHGA10,0.00065867684
RIPK4,0.0006586265
TMEM177,0.0006583618
MYO1E,0.00065801543
TEP1,0.0006577426
RUNX3,0.00065766723
OR2B11,0.0006573904
Methy_WDR8,0.00065729016
POLR2I,0.00065705396
PRDX2,0.00065704284
PRMT6,0.0006569396
SH3TC1,0.00065667403
ZNF280B,0.00065651775
TBCE,0.0006561275
ZNF23,0.0006560549
Methy_RAPGEF3,0.00065578654
Methy_RWDD2B,0.0006557237
TAPBP,0.0006553289
PDXDC1,0.0006544847
VCP,0.00065437844
SGPP1,0.00065378693
SLC45A1,0.00065336813
MRPL45,0.00065332965
POLR3G,0.0006531469
Methy_PAQR6,0.00065285154
Methy_PLA2G2D,0.0006527573
NUAK1,0.00065249
Methy_PCDH11X,0.00065209117
MAGI3,0.0006516698
Methy_PTGDS,0.0006515673
SYNGAP1,0.000651556
PPARGC1A,0.0006512331
Methy_OR2L13,0.0006511376
ZNF681,0.00065109314
PRKCH,0.00065077975
NCOA5,0.0006507477
SLC30A3,0.0006506775
SLC25A25,0.000650516
MOGAT1,0.00065020536
SNORD59A,0.00064934406
PRMT5,0.0006493087
WBP11P1,0.0006489799
RBM23,0.0006486009
RASGEF1C,0.0006485011
ORC5L,0.0006479933
RNF144B,0.0006479058
Methy_MATN3,0.0006478773
STC1,0.0006478074
RBM11,0.0006477109
PTPMT1,0.0006476743
RAF1,0.00064759934
PHACTR3,0.0006470714
PPM1A,0.00064696104
STK17A,0.00064695417
MEMO1,0.00064670667
TUBA3C,0.00064646814
Methy_TAF9B,0.00064643414
VKORC1,0.000646393
Methy_OSTN,0.0006462566
Methy_NGFRAP1,0.00064600614
PIM3,0.0006457266
UBL4A,0.0006455436
Methy_OR8B4,0.000645301
Methy_ZBTB39,0.0006451146
MEOX1,0.0006450939
TTC3,0.00064495567
Methy_PLXNA3,0.00064465264
RANGRF,0.00064435415
Methy_TSPY1,0.0006441823
Methy_SCARNA15,0.00064366334
Methy_OXGR1,0.0006436268
Methy_ZNF114,0.00064350717
Methy_NRD1,0.0006434261
OR7A17,0.000643071
Methy_WDR45,0.0006424377
SACS,0.00064235786
OR51M1,0.0006423341
TMPRSS11A,0.0006416791
ZNF600,0.0006416086
ZC3H7B,0.0006415793
Methy_PITX3,0.0006403871
RERE,0.000639853
RIMS3,0.0006397786
Methy_SLC12A5,0.00063914154
SEMA3A,0.00063894986
SLC6A20,0.0006385387
TJP1,0.0006385022
UHRF1,0.0006377622
Methy_SYT13,0.0006372582
STAMBPL1,0.00063713256
Methy_PAX9,0.00063704164
PIAS1,0.00063693407
SLC16A8,0.00063616777
ZC3HAV1,0.0006360117
Methy_SIGLEC15,0.0006356049
SCARB1,0.00063554797
SLC19A1,0.00063552335
SUCNR1,0.0006354277
PIGR,0.00063541555
NLN,0.0006352493
WDR45,0.00063520984
NDFIP2,0.0006350304
ZNF438,0.0006348824
Methy_SLC46A2,0.00063456094
PCDHB3,0.0006345068
RHOT1,0.0006344601
PGRMC1,0.00063418987
ZNF410,0.00063291594
RIC8B,0.0006328462
SELL,0.0006328322
Methy_SNRPA1,0.0006320423
MGST2,0.0006318103
TWF2,0.0006314466
Methy_PTPRN2,0.0006312983
NDUFS4,0.0006308362
RNF34,0.0006308117
Methy_PPP3CC,0.0006307406
MGC2889,0.00063064427
TUBA1A,0.00063030503
Methy_PCSK1,0.00063014013
WDR59,0.00063007773
MSR1,0.0006296804
SKI,0.0006296223
Methy_TSSK4,0.0006294275
SLC17A6,0.00062919204
Methy_MRVI1,0.00062909676
Methy_SAMD9,0.0006288172
Methy_VCX2,0.00062873494
SLC20A1,0.00062866515
PSMD13,0.00062865665
MAPK8IP2,0.0006284406
Methy_SLC2A11,0.00062810373
SNX24,0.0006277634
TACC2,0.0006275175
NFAM1,0.0006271582
PRKCD,0.00062706135
PLA2G4B,0.0006270456
PPP2R2B,0.0006270122
TREM1,0.0006265023
Methy_TRIM45,0.00062633696
ZWILCH,0.00062631903
Methy_NAGA,0.0006261961
TRAIP,0.00062612037
Methy_PPP2R3A,0.0006261067
Methy_RAB5A,0.0006254041
PLEKHG2,0.00062532723
ZNF692,0.00062531285
NALCN,0.0006249284
NFS1,0.0006248556
Methy_TNNI1,0.00062474917
SV2B,0.0006247201
VENTX,0.0006245769
LYSMD4,0.00062431267
STK4,0.00062389096
PPP2R1B,0.0006238269
Methy_NCBP1,0.000623722
PTPN18,0.0006236966
TMEM70,0.0006235267
MYO9B,0.00062352436
MRPS5,0.0006234749
TERF2IP,0.00062343065
Methy_SIM2,0.0006230985
Methy_TDRD12,0.00062308216
RNF215,0.00062275765
WHSC1,0.00062266964
SLC39A8,0.00062243873
Methy_OR10AD1,0.00062232115
TIMM23,0.0006222918
MRPL20,0.00062228896
STAT5B,0.0006221677
RALB,0.00062215974
Methy_PLA2G2F,0.00062186597
TLR6,0.00062168733
TNFAIP8,0.00062144356
XPNPEP1,0.0006213235
Methy_MTCP1,0.0006213054
MT1B,0.00062123
Methy_RNF32,0.00062082417
Methy_VAMP2,0.0006204701
TINAGL1,0.00062045746
Methy_SYNPR,0.00062028685
USP14,0.0006202754
Methy_ZNF501,0.00062012667
TIMP3,0.00062005105
TLX3,0.00061996636
STYK1,0.000619828
Methy_OR9Q2,0.00061975437
SLC5A8,0.000619515
TRO,0.00061944296
Methy_UPF1,0.00061887875
TPPP,0.000618807
Methy_TMED3,0.0006187665
Methy_ROPN1B,0.00061824557
PRB1,0.000617748
PHIP,0.00061706244
TNIP3,0.0006170474
RAB6B,0.00061701157
PLCG1,0.0006168685
ZNF329,0.00061682385
TFB2M,0.00061671686
PPCS,0.0006166342
NCALD,0.0006165335
PRPF3,0.0006161276
PRKACA,0.0006160789
Methy_TSPAN9,0.0006159616
PAIP2,0.0006156958
MYH2,0.000615514
PSMA5,0.00061529485
SLC6A6,0.0006149537
RXFP4,0.0006148898
POLR1A,0.0006147117
RASSF3,0.0006142406
SCIN,0.00061379006
TMSB4Y,0.0006137719
Methy_MICAL1,0.00061338145
Methy_MIER2,0.00061259425
Methy_VBP1,0.0006123167
SPTBN5,0.00061210286
NFKB2,0.000611766
UBE3C,0.00061150646
Methy_TMEM155,0.0006114064
Methy_OPTC,0.000611327
SMUG1,0.000610434
PLB1,0.0006101466
MEPCE,0.00060988945
NRXN3,0.0006098202
RGMA,0.00060978334
PLEK,0.0006096048
PPP1R12B,0.0006095045
Methy_MYADML,0.0006089691
STOX1,0.0006088393
TH1L,0.0006082344
NEUROD6,0.0006080332
Methy_NUDT9,0.0006079426
Methy_PLUNC,0.0006073919
SLC25A30,0.0006072662
Methy_RSPO2,0.0006070392
Methy_USP36,0.00060681987
Methy_TUBA4A,0.0006068184
Methy_SEC61G,0.0006067459
OR2AG1,0.00060647185
PRKD2,0.0006064059
USP19,0.0006060529
RASAL1,0.000605839
TMBIM1,0.000605721
TMEM56,0.00060559827
MORC2,0.0006054409
Methy_RYR1,0.0006053641
MBD1,0.0006051306
Methy_ZBTB6,0.00060482987
TMEM57,0.000603859
Methy_SPRYD4,0.00060348905
Methy_MMP26,0.00060342357
OR7C1,0.0006033868
MAPK4,0.000603283
OR2A42,0.0006030182
Methy_SERPINI2,0.0006029696
STAB1,0.00060205883
Methy_MAP2K5,0.0006019998
PGBD5,0.00060198945
ZDHHC23,0.0006010744
Methy_ST7,0.000601028
Methy_ZNF331,0.0006008226
SLC30A10,0.00060042634
NRG3,0.00060032617
Methy_TCEB3B,0.0006003128
Methy_RAB11B,0.0006001098
ZBTB1,0.0005999295
Methy_SEPX1,0.0005999066
Methy_PMS2L2,0.0005998433
Methy_SMCHD1,0.00059969176
SH3BGRL3,0.000599418
Methy_MAPK15,0.00059941737
PRPH2,0.0005992048
SERP1,0.000599151
MACF1,0.0005987138
PACSIN1,0.0005984638
WDR60,0.0005984236
Methy_NCKIPSD,0.00059834437
NPC2,0.0005980948
YWHAQ,0.0005977873
TCP10L,0.00059761474
RBPJL,0.0005975725
XKR9,0.0005974507
PIGM,0.000596904
Methy_MRPL12,0.00059687765
SKP1,0.00059651077
MGAT3,0.0005965028
TPP2,0.0005960586
Methy_SPACA3,0.0005959359
NCOA4,0.0005953182
Methy_SPIRE2,0.0005951239
PLD3,0.00059485825
Methy_ZC3H11A,0.0005939551
MAML2,0.0005934734
RARRES2,0.00059245835
PTCRA,0.00059244165
TFCP2L1,0.00059235725
NFRKB,0.00059226877
SNX22,0.0005919738
WDR36,0.0005918921
TUBGCP6,0.00059182406
Methy_WTAP,0.00059163105
ZNF512,0.00059134554
Methy_PRDM10,0.0005911927
Methy_PIWIL3,0.00059067295
Methy_TBC1D9,0.00059054495
Methy_ZNF569,0.0005903719
TXNDC9,0.0005903596
MRPS18A,0.0005903583
PDE4A,0.0005902272
Methy_NFYA,0.000589992
TRHDE,0.0005897762
Methy_UPF3A,0.000589703
Methy_PCDHGB5,0.00058960315
PARD3,0.0005891947
ZFP62,0.0005891649
MARCH1,0.00058881845
NEDD4,0.00058860786
SLC18A1,0.00058852404
Methy_ZNF576,0.0005885056
UBQLN4,0.00058770075
WDR37,0.0005874126
SLC30A4,0.000586779
VEZT,0.00058676663
ZNF509,0.0005863373
Methy_NLRP4,0.00058627094
ZNF570,0.0005862059
WWP2,0.00058598345
Methy_PDCD5,0.0005859033
Methy_RTN4R,0.0005856867
TOMM7,0.0005856054
Methy_NDUFB11,0.0005856019
Methy_ZBTB25,0.00058541883
Methy_PLOD3,0.0005854104
MRPS6,0.0005852604
WFIKKN1,0.00058511016
SAPS3,0.0005849792
PLCG2,0.00058450276
SWAP70,0.0005844995
OR4K2,0.00058435096
RCVRN,0.00058434444
NUPR1,0.00058416947
MICALCL,0.0005840165
Methy_VCX3B,0.0005839123
Methy_WBP2,0.00058358687
SULT1A3,0.00058343186
ZNF670,0.0005830829
Methy_ZAR1,0.0005828728
Methy_TMEM102,0.0005828009
MYCT1,0.000582742
SLC24A6,0.00058272894
PPME1,0.00058252335
TMEM80,0.0005824666
VCPIP1,0.00058236433
NEK10,0.00058218674
SMPD4,0.0005821865
Methy_NOL12,0.0005818882
YPEL4,0.00058187154
Methy_OLFM1,0.0005814528
Methy_WNT16,0.0005811353
Methy_PRB4,0.0005811197
Methy_RIT2,0.0005807696
PDK1,0.00058066234
Methy_NRIP1,0.0005804412
Methy_THUMPD3,0.0005802158
Methy_NOX5,0.00057980407
Methy_RRM2,0.0005796862
TRIM21,0.00057934853
Methy_PSORS1C1,0.0005789575
Methy_WDR51A,0.0005785533
Methy_TAC1,0.0005778686
RBMX,0.000577757
RBM7,0.0005773901
Methy_TACC1,0.0005773793
RBM4,0.0005772974
PTPRD,0.0005771013
Methy_NXPH4,0.0005764932
SYNCRIP,0.00057640206
TMED1,0.0005763378
MTCH1,0.000575925
Methy_MAGEB10,0.0005759026
RBM39,0.00057572895
MUC1,0.00057532714
PREX1,0.0005752488
ZNF333,0.0005752429
TUBA4A,0.0005751735
Methy_TMEM161B,0.000575097
NFIB,0.0005750415
OSBP,0.000574912
VMO1,0.00057486596
TBL3,0.00057484175
NUFIP2,0.000574724
PHKA1,0.0005746377
TBC1D19,0.00057459483
SPRYD4,0.0005745359
Methy_RBM33,0.00057433674
Methy_MCPH1,0.0005738957
MRGPRX1,0.0005735961
Methy_PF4V1,0.0005734442
NDUFS3,0.00057278946
UIMC1,0.00057255046
MASTL,0.00057254324
XCR1,0.00057251833
PDXK,0.00057250715
Methy_OR1A2,0.00057242805
MAP7D2,0.0005724172
NCAM2,0.0005720947
SAP130,0.0005717251
ZNF24,0.0005717169
ZNF251,0.00057103176
Methy_XRCC5,0.00057093566
NID1,0.0005708776
Methy_THADA,0.0005707498
RIT2,0.00057044486
Methy_SRD5A1,0.0005702817
SLC5A11,0.000570266
SLTM,0.0005700832
SPRED1,0.0005698626
ZSCAN1,0.00056963676
TPT1,0.0005694193
PLXNC1,0.0005694085
SLC25A12,0.0005692803
SSRP1,0.0005686012
Methy_NUDCD3,0.00056799717
Methy_ZNF142,0.0005677006
SYK,0.0005676652
Methy_ZNF717,0.00056748523
RFX1,0.0005674155
Methy_SDSL,0.0005673798
PNPLA7,0.000567235
MBOAT1,0.00056706177
VASH1,0.0005664741
ODF4,0.000566215
Methy_SLC25A16,0.0005662088
Methy_MRPS21,0.00056609826
Methy_SNURF,0.0005660583
Methy_TMEM97,0.0005654521
PKLR,0.00056520035
Methy_OR1S2,0.00056500104
Methy_RPS29,0.0005649693
Methy_POLA1,0.0005648847
ZYG11B,0.00056463294
Methy_VEGFA,0.00056430534
PINX1,0.0005642574
Methy_TTRAP,0.00056420127
Methy_NDUFA10,0.00056370074
RFPL4A,0.0005636013
RARRES3,0.0005632429
SYNJ1,0.00056320126
SNHG3,0.0005630422
Methy_PIK3R2,0.00056285976
Methy_ZNF584,0.00056265405
Methy_PASK,0.00056237687
Methy_WHSC1,0.0005620922
NR1I2,0.000561752
Methy_NUPL2,0.0005614372
RTP1,0.00056128186
RAB9B,0.00056115864
PTP4A3,0.0005611393
TCEB3,0.0005609694
Methy_TMED10P,0.0005608391
OTUB1,0.0005606411
RBPMS2,0.00056060596
MAGED2,0.0005604967
TTLL9,0.0005602422
RUVBL1,0.0005599639
TRAF3IP1,0.0005598749
S100A11,0.0005597513
Methy_RNF19A,0.0005597404
SLAMF7,0.00055947405
Methy_VPS39,0.00055926305
MRPS10,0.0005583684
Methy_UGT1A6,0.00055802724
SYT5,0.0005576014
Methy_SMARCD1,0.0005574768
RCCD1,0.00055745087
Methy_OR52N1,0.0005570551
Methy_TNRC6A,0.0005569705
MAPK8IP3,0.00055677234
PTHLH,0.00055675546
RPL18,0.00055666856
OR5K4,0.00055656285
Methy_NUP62CL,0.0005564834
Methy_MSRB2,0.0005563823
Methy_PRICKLE3,0.0005563312
ZNF594,0.0005556855
PIK3CD,0.0005554625
MRPL43,0.0005553179
SOSTDC1,0.00055505853
TPH2,0.0005548499
ZNF587,0.0005547972
MKKS,0.000554789
