sample,label,A1BG,A2BP1,A2M
GSM1423780,1,-0.066694045,0.019393985,-0.01999192
GSM1423781,1,0.054097305,0.04661377,-0.02822959
GSM1423782,1,0.02528179,0.18675345,-0.02522354
GSM1423783,1,0.00248456,0.00646935,0.009184075
GSM1423784,1,-0.092605565,0.075331085,-0.02748478
GSM1423785,1,-0.044708465,-0.3456473,-0.06076526
GSM1423786,1,-0.09556635,-0.32054605,0.1559286
GSM1423787,1,-0.04225787,-0.7765382,0.3511705
GSM1423788,1,-0.05147972,0.018454504,-0.02419143
GSM1423789,1,-0.03106824,-0.3407391,0.1888376
GSM1423790,1,-0.090663045,-0.09152997,0.05316428
GSM1423791,1,-0.08166245,-0.33532065,0.004160027
GSM1423792,1,-0.12845879,-0.2164355,-0.1579901
GSM1423793,1,-0.113770055,-0.021838403,-0.1361758
GSM1423794,1,-0.05503621,-0.58325355,0.0265189
GSM1423795,1,-0.070021447,-0.3902568,0.227766
GSM1423796,1,0.001502205,-0.2319524,0.1599115
GSM1423797,1,-0.039074139,-0.28762205,0.2313739
GSM1423798,1,0.001164895,-0.19107395,-0.02490793
GSM1423799,1,-0.01870858,-0.54766485,0.2587359
GSM1423800,1,-0.0107138,-0.349528,0.07141985
GSM1423801,1,-0.018614455,-0.4136487,0.2561578
GSM1423802,1,0.121804,-0.2807742,-0.1603409
GSM1423803,1,-0.08147047,0.05422566,-0.1551058
GSM1423804,1,0.03707904,-0.6123822,0.546459
GSM1423805,1,-0.06829078,-0.086235065,0.1225874
GSM1423806,1,-0.05718727,-0.6037272,0.01704027
GSM1423807,1,0.031455545,-0.5357897,0.2226033
GSM1423808,1,-0.08146462,-0.54940785,0.01471161
GSM1423809,1,-0.014364304,0.11297456,-0.1889625
GSM1423810,1,-0.08576906,-0.1882572,-0.07199302
GSM1423811,1,-0.069763955,0.000722535,0.09833956
GSM1423812,1,-0.056330362,-0.52872635,-0.04072991
GSM1423813,1,-0.057212475,-0.16340595,-0.144144
GSM1423814,1,-0.034248365,0.014369554,-0.1404225
GSM1423815,1,-0.03752652,-0.100152015,0.05415138
GSM1423816,1,-0.05994113,-0.08170996,-0.1193443
GSM1423817,1,-0.08454352,-0.070249915,0.1490177
GSM1423818,1,-0.13112764,-0.116138395,-0.04488385
GSM1423819,1,-0.01751818,-0.4824836,0.1126611
GSM1423820,1,-0.127133165,-0.30785235,0.09953652
GSM1423821,1,-0.073738086,-0.4444902,0.1538716
GSM1423822,1,-0.05414148,0.054014603,-0.0648617
GSM1423823,1,-0.072052257,-0.88928575,0.2063738
GSM1423824,1,-0.118582955,-0.45880945,0.07277571
GSM1423825,1,-0.040294075,-0.26492635,-0.03496123
GSM1423826,1,-0.102719705,-0.6518473,0.4738526
GSM1423827,1,-0.087403765,-0.35450275,-0.04597846
GSM1423828,1,-0.065869325,-0.08075667,0.02184563
GSM1423829,1,-0.03343297,0.030092909,0.2020948
GSM1423830,1,-0.018560248,0.13188955,-0.1171545
GSM1423831,1,0.00522505,-0.35294925,0.1471623
GSM1423832,1,-0.089323215,-0.2643813,-0.05139303
GSM1423833,1,-0.031908094,-0.03403499,-0.08684967
GSM1423834,1,-0.070904895,-0.60754175,0.02903525
GSM1423835,1,-0.067570835,-0.031489373,-0.04156118
GSM1423836,1,-0.00728323,-0.151817615,0.1306417
GSM1423837,1,-0.088219855,-0.3297043,-0.02644869
GSM1423838,1,-0.084177325,0.03637994,-0.1704859
GSM1423839,1,-0.081519025,-0.14017781,-0.07528697
GSM1423840,1,-0.069511075,0.02412463,-0.2084208
GSM1423841,1,-0.064790192,-0.10316606,-0.09627358
GSM1423842,1,0.010370265,-0.4162637,0.1244435
GSM1423843,1,0.011317978,-0.113329875,0.01351172
GSM1423844,1,-0.06471792,-0.5274424,0.3158999
GSM1423845,1,-0.048255335,-0.154405215,0.09357049
GSM1423846,1,-0.07413469,-0.00178629,-0.05579643
GSM1423847,1,-0.060996695,-0.30335205,0.2170737
GSM1423848,1,-0.07315755,-0.09771752,0.02811363
GSM1423849,1,-0.06090895,0.03741387,-0.09835376
GSM1423850,1,-0.071536179,-0.35862875,0.09455802
GSM1423851,1,-0.09444501,-0.30323925,0.005682071
GSM1423852,1,-0.008223712,-0.044220956,-0.1365362
GSM1423853,1,-0.0827039,-0.4723416,0.0589384
GSM1423854,1,-0.05221071,-0.52882635,0.2221297
GSM1423855,1,-0.090632245,-0.3384909,0.01278648
GSM1423856,1,0.03841065,-0.39549985,0.1119537
GSM1423857,1,-0.056353165,-0.43488995,0.1432634
GSM1423858,1,-0.034495305,-0.6552566,0.1516136
GSM1423859,1,-0.0307457,-0.87981795,0.3551241
GSM1423860,1,-0.02549611,-0.443777,0.2517503
GSM1423861,1,-0.009809598,-0.09794838,-0.01809887
GSM1423862,1,-0.05648995,0.054169075,-0.06016735
GSM1423863,1,-0.024643498,-0.1981837,-0.2067803
GSM1423864,1,-0.026778645,0.08096815,-0.1425225
GSM1423865,1,-0.06298481,-0.2134254,-0.03105515
GSM1423866,1,0.002240325,-0.3872494,0.1793183
GSM1423867,1,0.003311206,0.09580077,-0.0688742
GSM1423868,1,-0.058406635,-0.18718315,0.04912256
GSM1423869,1,0.09001263,-0.80387565,-0.08161657
GSM1423870,1,-0.038199318,-0.18538688,0.1481113
GSM1423871,1,-0.0787807,-0.2733413,-0.04374292
GSM1423872,1,-0.111985015,-0.72686795,0.1465949
GSM1423873,1,-0.057753566,-0.2188427,0.04562285
GSM1423874,1,-0.077033985,-0.2000578,0.05062763
GSM1423875,1,-0.19910515,0.2333729,-0.3644155
GSM1423876,1,0.01354903,0.04645934,0.02754341
GSM1423877,1,-0.164171985,-0.49349765,0.1678156
GSM1423878,1,-0.060510205,-0.2632842,0.1383799
GSM1423879,1,-0.09135491,-0.5358124,0.1840365
GSM1423880,1,-0.071269435,-0.035758995,-0.1491036
GSM1423881,1,-0.02787091,-0.3014603,-0.02286225
GSM1423882,1,-0.046205645,-0.1618138,0.05395927
GSM1423883,1,-0.033946275,-0.042198585,0.03698162
GSM1423884,1,0.039614835,0.072651925,-0.1215628
GSM1423885,1,-0.104066565,-0.3267009,-0.1295898
GSM1423886,1,-0.07387989,-0.39237615,0.239809
GSM1423887,1,-0.100480295,-0.07120117,-0.1262427
GSM1423888,1,-0.09507928,-0.1546791,-0.2747655
GSM1423889,1,-0.2271461,0.011165342,-0.2208427
GSM1423890,1,0.021119446,-0.3707168,-0.03678356
GSM1423891,1,-0.021590975,-0.67075595,0.1250245
GSM1423892,1,-0.009243985,-0.44595745,0.2363383
GSM1423893,1,-0.047767675,-0.023691945,-0.1200805
GSM1423894,1,-0.127510165,-0.1502779,0.1811616
GSM1423895,1,-0.05079707,-0.29867755,-0.005140956
GSM1423896,1,-0.033151296,-0.4480071,0.03824684
GSM1423897,1,-0.138792895,-0.7087076,0.1998381
GSM1423898,1,-0.125330565,-0.1546989,0.06894243
GSM1423899,1,-0.043681783,-0.141771545,-0.004917494
GSM1423900,1,-0.046367012,-0.19096975,-0.02302365
GSM1423901,1,-0.063369664,-0.09359567,-0.1701197
GSM1423902,1,-0.016382045,-0.293407,-0.3319345
GSM1423903,1,-0.086361475,-0.3834355,0.04195945
GSM1423904,1,-0.101291745,-0.15451025,0.02992975
GSM1423905,1,-0.025935035,0.16021125,0.05130843
GSM1423906,1,0.052262565,-0.4502031,-0.004276853
GSM1423907,1,-0.06455173,-0.3811224,0.2912363
GSM1423908,1,0.05419198,-0.013764605,-0.06347633
GSM1423909,1,0.05843681,-0.12344497,0.01985719
GSM1423910,1,-0.051415295,-0.102040655,-0.143184
GSM1423911,1,-0.078556915,-0.4954863,0.2234179
GSM1423912,1,0.06426152,-0.59097685,0.392884
GSM1423913,1,-0.086548965,-0.14705548,0.1709537
GSM1423914,1,0.000217445,-0.2927751,0.2874199
GSM1423915,1,-0.04185584,-0.16326965,0.03473273
GSM1423916,1,-0.0362951,-0.5552707,-0.03790798
GSM1423917,1,-0.06864862,-0.3034801,0.06872536
GSM1423918,1,-0.032757075,-0.4087487,-0.1226375
GSM1423919,1,0.024983915,-0.01670451,0.02871159
GSM1423920,1,-0.045351079,0.01162045,-0.0588751
GSM1423921,1,-0.028778345,-0.7982378,0.07860375
GSM1423922,1,-0.08239566,-0.2470423,0.2157278
GSM1423923,1,-0.05780819,-0.29321545,0.2453065
GSM1423924,1,-0.010227125,-0.1886844,0.02791859
GSM1423925,1,-0.037068999,-0.004972615,-0.03866364
GSM1423926,1,-0.042706542,-0.4826305,0.1611189
GSM1423927,1,-0.08893064,-0.2384838,-0.11214
GSM1423928,1,-0.03061721,-0.61434825,0.2837187
GSM1423929,1,0.06862156,-0.2160696,0.08822968
GSM1423930,1,-0.023762225,-0.4317832,-0.009266396
GSM1423931,1,-0.06244111,-0.36881585,-0.0469987
GSM1423932,1,0.005825063,-0.03648717,-0.142611
GSM1423933,1,-0.13197255,-0.24803215,0.1694143
GSM1423934,1,-0.068526915,-0.062816875,-0.1431883
GSM1423935,1,-0.064750019,-0.19560455,0.1436219
GSM1423936,1,0.000354765,-0.08507262,0.1751483
GSM1423937,1,-0.04116295,-0.08075199,-0.09423406
GSM1423938,1,-0.04430218,-0.0620217,-0.06247728
GSM1423939,1,0.071361275,-0.090915735,-0.1690743
GSM1423940,1,-0.047034105,-0.094236665,-0.01422074
GSM1423941,1,-0.005256495,-0.11935166,-0.01851611
GSM1423942,1,-0.047335815,0.030630756,-0.09497308
GSM1423943,1,-0.05435185,-0.04704604,-0.002869789
GSM1423944,1,0.022041202,-1.4083065,0.7188503
GSM1423945,1,-0.058869435,-0.48368495,0.2316607
GSM1423946,1,-0.038552675,-0.45591145,0.1259195
GSM1423947,1,-0.069327325,-0.165174865,-0.08474726
GSM1423948,1,-0.027899195,-0.23671295,-0.105161
GSM1423949,1,-0.003112205,-0.3990507,-0.004070187
GSM1423950,1,-0.019437825,0.1495583,-0.03316675
GSM1423951,1,0.17105385,-0.6902849,0.2724545
GSM1423952,1,0.010440555,-0.2771261,0.09579547
GSM1423953,1,-0.00462149,-0.55735825,0.07943211
GSM1423954,1,0.045688225,-0.727674,0.3248297
GSM1423955,1,0.084867205,-0.178732,-0.06210805
GSM1423956,1,0.014227975,-0.19957225,-0.03068552
GSM1423957,1,0.023337925,-0.3221705,0.1282176
GSM1423958,1,0.04143811,-0.30723435,0.251866
GSM1423959,1,-0.000711965,-0.5123528,0.009220826
GSM1423960,1,0.09925104,-0.110102225,0.1521046
GSM1423961,1,0.007453875,-0.524733,0.2364534
GSM1423962,1,0.06627234,-0.3532031,0.2037334
GSM1423963,1,0.03947384,-0.078891428,0.02423333
GSM1423964,1,0.009908995,-0.3652239,0.2827609
GSM1423965,1,0.020541379,-0.164223195,-0.08182833
GSM1423966,1,-0.088117125,-0.15415165,0.02693515
GSM1423967,1,-0.02501787,0.002839705,-0.01059721
GSM1423968,1,0.013119925,-0.25673595,-0.1008568
GSM1423969,1,0.07527033,-0.8020188,0.1868998
GSM1423970,1,0.081008,-0.1833894,0.11355
GSM1423971,1,0.04829686,-0.137118695,-0.01261994
GSM1423972,1,0.022097475,-0.30495725,0.0788923
GSM1423973,1,0.036255574,-0.3079992,0.1775387
GSM1423974,1,0.015608125,-0.4101397,0.1012973
GSM1423975,1,0.012522985,-0.25439415,0.03612706
GSM1423976,1,0.097392835,-0.0272599,-0.2931059
GSM1423977,1,0.05515974,-0.5585091,0.09757682
GSM1423978,1,0.16218275,-0.62855195,0.2291669
GSM1423979,1,0.104120245,-0.60664665,0.2778552
GSM1423980,1,0.02831311,-0.05356102,-0.1445966
GSM1423981,1,0.091525495,-0.59436595,0.3344563
GSM1423982,1,0.099121265,-0.2508184,0.1100924
GSM1423983,1,0.079462205,-0.466772,0.2773643
GSM1423984,1,0.06209184,-0.8715614,0.1866136
GSM1423985,1,0.20646655,-0.66257205,0.4281902
GSM1423986,1,0.022803705,-0.38170875,0.3221695
GSM1423987,1,0.091999725,-0.2235397,-0.1184831
GSM1423988,1,0.049345187,-0.4334748,0.2183273
GSM1423989,1,0.036558065,-0.68374515,0.2415937
GSM1423990,1,0.08495595,-0.35229455,-0.1108268
GSM1423991,1,0.03200547,-0.75186435,0.05542668
GSM1423992,1,0.058447885,-0.48208625,0.193242
GSM1423993,1,0.11150382,-0.12527298,0.1084159
GSM1423994,1,0.04970116,-0.5230108,0.1761822
GSM1423995,1,0.09811318,-0.2343346,-0.1514794
GSM1423996,1,0.03471555,-0.50831375,0.4292485
GSM1423997,1,0.053832565,-0.21713395,0.2128765
GSM1423998,1,0.063301125,-0.4363626,0.08929203
GSM1423999,1,0.07265725,-0.3519743,0.06984094
GSM1424000,1,0.0649685,-0.32781965,0.07572249
GSM1424001,1,0.06736549,-0.3151802,-0.01060654
GSM1424002,1,0.08198108,-0.77384395,0.2886876
GSM1424003,1,0.020293045,-0.346856,0.2327622
GSM1424004,1,0.06894735,-0.34895185,0.3331431
GSM1424005,1,0.007818275,-0.15170455,0.003203783
GSM1424006,1,-0.00302347,-0.3028341,-0.1301462
GSM1424007,1,0.13300524,-0.7215936,0.490675
GSM1424008,1,0.187689427,-0.83521715,0.3341898
GSM1424009,1,0.070573885,-0.075940975,-0.05606633
GSM1424010,1,0.05814475,0.00380668,0.00355464
GSM1424011,1,0.04188248,-0.13524285,0.06878381
GSM1424012,1,0.02007205,-0.1312731,-0.2933456
GSM1424013,1,-0.00082533,-0.2081481,0.05047473
GSM1424014,1,0.049840475,-0.40352525,0.1211052
GSM1424015,1,0.09932542,-0.22865375,0.05906235
GSM1424016,1,0.20652862,-0.94866405,0.4431965
GSM1424017,1,-0.016393275,-0.40416695,0.249342
GSM1424018,1,0.060288366,-0.21627515,-0.1492938
GSM1424019,1,0.07030737,-0.5818286,-0.1704017
GSM1424020,1,0.052564135,-0.39940505,0.2444412
GSM1424021,1,0.048015005,-0.6905686,0.2005469
GSM1424022,1,0.042397455,-0.602997,0.07953731
GSM1424023,1,0.05004714,-0.19380065,-0.03405621
GSM1424024,1,0.037477643,-0.2287335,-0.1318342
GSM1424025,1,0.106436155,-0.7118154,0.1970048
GSM1424026,1,0.01926216,-0.2504349,-0.1183704
GSM1424027,1,0.063860655,-0.17467755,0.01542007
GSM1424028,1,0.04747025,-0.3289455,0.2439829
GSM1424029,1,0.05502051,-0.18077955,0.05747982
GSM1424030,1,0.01768325,-0.49591975,0.3998126
GSM1424031,1,0.03587853,-0.3255697,-0.04251916
GSM1424032,1,0.02261395,-0.6884574,0.1488801
GSM1424033,1,0.094637265,-0.60737185,0.3548176
GSM1424034,1,0.021986877,-0.2909035,0.04669456
GSM1424035,1,0.055617685,-0.57074755,-0.01468972
GSM1424036,1,0.0356918,-0.88895055,0.4255349
GSM1424037,1,0.01610612,-0.35551345,0.004145406
GSM1424038,1,0.060123635,-0.4596931,-0.03777815
GSM1424039,1,0.05363063,-0.2829522,-0.02253816
GSM1424040,1,0.01341439,-0.3335867,-0.01648774
GSM1424041,1,0.06269372,-0.63990295,0.2259478
GSM1424042,1,0.102187325,-0.3588068,-0.1083136
GSM1424043,1,0.091972645,-0.29285925,-0.08070011
GSM1424044,1,0.02365756,-0.419782,-0.114084
GSM1424045,1,0.038917024,-0.24376645,-0.2220632
GSM1424046,1,0.12473026,-0.03564229,-0.1516416
GSM1424047,1,-0.00252746,-0.3017108,-0.05211759
GSM1424048,1,0.047876595,-0.29882055,0.03948274
GSM1424049,1,0.00280107,-0.39744,0.01022451
GSM1424050,1,0.063894881,-0.2347331,0.2523923
GSM1424051,1,0.18159402,-0.80775425,0.4745197
GSM1424052,1,0.16948385,-0.8950363,0.3065551
GSM1424053,1,-0.07107824,-0.578948,-0.06149467
GSM1424054,1,0.140357995,-0.5440269,0.2232484
GSM1424055,1,0.00517152,-0.71234315,0.06414177
GSM1424056,1,0.096213195,-0.23703675,-0.02691992
GSM1424057,1,0.1513848,-0.10948633,-0.04123517
GSM1424058,1,0.2142011,-0.63292705,0.1148141
GSM1424059,1,0.07933158,-0.05759246,-0.3049793
GSM1424060,1,0.022214405,-0.8109485,0.3537077
GSM1424061,1,0.11212142,-0.17578095,0.1933819
GSM1424062,1,0.05750346,-0.158923045,-0.06741361
GSM1424063,1,0.05299471,0.050296415,-0.1971081
GSM1424064,1,-0.044311949,0.19166415,-0.06473878
GSM1424065,1,0.12544948,-0.05536893,-0.2436607
GSM1424066,1,0.026439005,-0.077935425,-0.06131424
GSM1424067,1,0.025719016,-0.1788014,-0.1089533
GSM1424068,1,-0.06928411,-0.04174013,0.04602126
GSM1424069,1,-0.036710358,-0.030060025,-0.125229
GSM1424070,1,0.06143031,-0.024074289,-0.111205
GSM1424071,1,-0.040866875,-0.2562826,-0.04243844
GSM1424072,1,0.049438185,0.018272021,-0.2833289
GSM1424073,1,0.017545775,-0.11920015,-0.2882044
GSM1424074,1,-0.010750705,-0.020826143,-0.1714236
GSM1424075,1,0.069088845,-0.09678076,-0.04346146
GSM1424076,1,-0.038028825,-0.26697835,0.03006959
GSM1424077,1,0.06010229,-0.48860445,0.209147
GSM1424078,1,-0.016144835,-0.09409597,-0.2285543
GSM1424079,1,0.010647295,0.046114956,-0.1375152
GSM1424080,1,-0.020547608,-0.20730665,0.3223169
GSM1424081,1,-0.027365315,-0.45654375,-0.09690295
GSM1424082,1,0.051102558,-0.33999495,0.01269303
GSM1424083,1,-0.02859089,0.00946851,-0.1463273
GSM1424084,1,-0.010538365,-0.2006537,0.1852656
GSM1424085,1,0.02327737,0.00747379,-0.1897573
GSM1424086,1,0.043022015,-0.099978255,0.1626889
GSM1424087,1,0.025459725,-0.1736198,0.1266229
GSM1424088,1,-0.015855115,-0.3930649,0.07376036
GSM1424089,1,0.01721077,0.0367045,-0.1197046
GSM1424090,0,0.00215188,0.014479175,0.06657138
GSM1424091,0,0.00554594,0.038741845,0.01508313
GSM1424092,0,0.017289281,-0.10365573,0.007225185
GSM1424093,0,0.006400953,-0.00936742,-0.2755498
GSM1424094,0,-0.032112955,0.1665019,-0.01150473
GSM1424095,0,-0.05651118,0.012851079,0.06275391
GSM1424096,0,0.003852993,0.13790662,-0.01896173
GSM1424097,0,0.06968793,0.15347835,-0.0842723
GSM1424098,0,0.0843848,-0.073077805,-0.3307676
GSM1424099,0,0.0454253,-0.06151713,-0.239723
GSM1424100,0,-0.082667365,0.06782144,-0.03578698
GSM1424101,0,-0.0170319,0.04980362,-0.0226246
GSM1424102,0,0.015123215,0.1259096,0.03370028
GSM1424103,0,0.05636171,0.084185515,-0.08646648
GSM1424104,0,-0.01104379,-0.009167555,0.03983567
GSM1424105,0,0.025983204,-0.075808647,0.02775067
GSM1424106,0,-0.00780546,0.14175945,-0.1209611
GSM1424107,0,-0.023787696,0.066637985,-0.03381439
GSM1424108,0,0.022523345,0.095946475,-0.2689905
GSM1424109,0,0.011650625,-0.29555415,0.06220598
GSM1424110,0,0.023420855,0.026814445,0.1155222
GSM1424111,0,0.00803109,0.111541575,-0.177704
GSM1424112,0,0.029990985,0.13338865,-0.2086218
GSM1424113,0,-0.05470904,-0.07517881,-0.1764263
GSM1424114,0,0.100716415,0.068542865,-0.02051466
GSM1424115,0,-0.01536443,-0.094633535,0.07712406
GSM1424116,0,0.007796935,0.108328185,-0.133647
GSM1424117,0,-0.006478389,0.10217982,-0.03855698
GSM1424118,0,-0.08881765,0.1584207,-0.1341953
GSM1424119,0,-0.013888095,0.03533874,0.01529153
GSM1424120,0,0.00427493,-0.023938354,-0.1340043
GSM1424121,0,-0.013070009,0.041036545,-0.1930618
GSM1424122,0,-0.014394217,0.15661805,-0.03761735
GSM1424123,0,0.036326705,0.039269244,-0.2470802
GSM1424124,0,-0.001508437,0.07043427,-0.08239777
GSM1424125,0,-0.002042304,0.13499157,-0.1039781
GSM1424126,0,0.005299966,-0.0331541,-0.04632685
GSM1424127,0,0.017752225,0.003172405,-0.08545734
GSM1424128,0,-0.009486283,0.094758385,0.04177144
GSM1424129,0,0.032012721,-0.085570596,0.07906153
GSM1424130,0,0.053108075,0.102388365,-0.1338486
GSM1424131,0,-0.00045775,0.00669516,-0.142236
GSM1424132,0,0.0183096,-0.11816567,0.1239981
GSM1424133,0,0.03336105,0.077277705,-0.196016
GSM1424134,0,0.002347867,0.1291747,0.000304196
GSM1424135,0,0.002051791,0.11535695,0.02060668
GSM1424136,0,-0.02300753,0.03207847,-0.1255033
GSM1424137,0,-0.030864781,0.1746113,-0.03176509
GSM1424138,0,0.09118774,-0.2608717,0.01984877
GSM1424139,0,-0.00363272,0.09881399,-0.04943222
GSM1424140,0,0.00529499,0.11765915,0.0154356
GSM1424141,0,-0.03360529,0.003592625,-0.04367889
GSM1424142,0,-0.03137345,-0.09531637,0.1290979
GSM1424143,0,-0.004260222,0.12555759,-0.06404454
GSM1424144,0,0.013098213,0.11043245,-0.05124623
GSM1424145,0,-0.014177061,0.005112125,0.02518109
GSM1424146,0,-0.011907825,-0.15470019,-0.08096852
GSM1424147,0,0.00979812,0.22582465,-0.005973666
GSM1424148,0,0.03016223,0.140738,-0.01230472
GSM1424149,0,-0.03328753,-0.081324945,0.1035727
GSM1424150,0,-0.034749615,0.08432657,-0.01675996
GSM1424151,0,-0.026926145,0.13467112,-0.1313373
GSM1424152,0,0.00825039,-0.2991948,0.1425472
GSM1424153,0,-0.01440922,0.012086055,-0.009930992
GSM1424154,0,-0.029218096,-0.074313665,0.0122593
GSM1424155,0,-0.02125752,0.050599542,-0.08760745
GSM1424156,0,-0.01837843,0.08290841,-0.04815311
GSM1424157,0,0.020194765,0.055100345,0.009386493
GSM1424158,0,-0.003750312,0.19333095,-0.0502279
GSM1424159,0,0.012947947,0.156798505,-0.05429123
GSM1424160,0,0.052169795,0.08499926,-0.1476276
GSM1424161,0,-0.01347944,-0.1389712,0.1848868
GSM1424162,0,-0.11811895,0.052247115,-0.01897435
GSM1424163,0,-0.017965115,0.10679728,-0.04794593
GSM1424164,0,-0.070776665,0.087095975,-0.08424088
GSM1424165,0,-0.063341245,0.04729135,-0.03415549
GSM1424166,0,0.074975355,0.04501526,0.05531558
GSM1424167,0,0.1035629,-0.20430965,-0.1659719
GSM1424168,0,0.05068677,0.096762275,-0.09662209
GSM1424169,0,0.014180344,-0.09364863,0.06577342
GSM1424170,0,0.019609861,-0.108542535,0.1243317
GSM1424171,0,-0.038254865,0.101955455,-0.1479659
GSM1424172,0,-0.003630135,-0.14899805,0.01289157
GSM1424173,0,0.03180879,-0.051661245,-0.04668032
GSM1424174,0,-0.037684125,0.07381855,-0.0237198
GSM1424175,0,0.008812942,-0.03218177,-0.1437653
GSM1424176,0,-0.007806316,0.24619585,0.006577136
GSM1424177,0,0.008716188,0.067849675,0.03550911
GSM1424178,0,-0.00210066,0.038014245,-0.08733436
GSM1424179,0,-0.03580728,0.116214785,-0.000810385
GSM1424180,0,-0.022283655,0.1094942,0.000796544
GSM1424181,0,-0.01983776,0.133929045,-0.1131725
GSM1424182,0,-0.045311965,0.11897995,-0.1935437
GSM1424183,0,0.017835785,0.188137,-0.1197309
GSM1424184,0,-0.03005493,0.112461975,-0.1073291
GSM1424185,0,-0.06362155,0.00859086,-0.3193946
GSM1424186,0,-0.04888318,0.2345109,-0.1291262
GSM1424187,0,-0.011848585,0.04806293,-0.07584321
GSM1424188,0,0.003973235,0.115879035,-0.1859039
GSM1424189,0,0.001117211,0.09091402,0.03279136
GSM1424190,0,0.08665276,0.14094135,-0.0911436
GSM1424191,0,-0.04451288,0.07413638,0.003608955
GSM1424192,0,-0.04874354,0.16551005,-0.1637767
GSM1424193,0,0.026308235,0.1414654,-0.02245229
GSM1424194,0,0.097532525,-0.175360575,-0.08293089
GSM1424195,0,0.01011675,0.06407865,0.02383888
GSM1424196,0,-0.003190191,0.101900615,-0.05584945
GSM1424197,0,0.081208445,0.070527308,-0.1226666
GSM1424198,0,0.043558805,-0.36707035,0.294288
GSM1424199,0,-0.027935723,0.105384,-0.1212801
GSM1424200,0,-0.041133125,0.003424515,-0.1110148
GSM1424201,0,-0.018493725,0.1543132,0.005132118
GSM1424202,0,-0.006272525,-0.09289502,-0.0718786
GSM1424203,0,0.02772437,-0.1398459,0.07894475
GSM1424204,0,-0.02049354,0.11708413,-0.1259694
GSM1424205,0,-0.02183444,0.10315756,0.009682641
GSM1424206,0,-0.000557715,0.06976223,-0.09456635
GSM1424207,0,-0.08879324,0.2335485,-0.1419206
GSM1424208,0,0.014149635,0.01753631,-0.1999902
GSM1424209,0,-0.02686941,-0.17264215,-0.2636172
GSM1424210,0,0.00555414,-0.10571826,0.1196274
GSM1424211,0,-0.018804055,-0.2801247,0.1358619
GSM1424212,0,-0.005680925,-0.000722715,0.09008786
GSM1424213,0,3.85E-05,-0.27324085,0.06647941
GSM1424214,0,0.089246892,-0.3033454,-0.01424029
GSM1424215,0,0.042120245,-0.09697849,0.04277583
GSM1424216,0,0.041465525,-0.054295615,0.2056054
GSM1424217,0,-0.012989565,-0.3416886,0.1236537
GSM1424218,0,0.10337851,-0.17747795,0.05318661
GSM1424219,0,0.034647075,-0.077402385,0.05026557
GSM1424220,0,0.083750185,-0.3969158,0.01371579
GSM1424221,0,0.10542485,-0.086669645,0.1009512
GSM1424222,0,0.028508275,-0.1430083,0.1053875
GSM1424223,0,0.123197565,-0.007212855,0.1116457
GSM1424224,0,0.083188115,0.077832235,0.02272507
GSM1424225,0,0.076179043,-0.018877445,-0.01831669
GSM1424226,0,0.074775535,0.0891693,-0.0390086
GSM1424227,0,0.11564245,-0.073584255,0.05951871
GSM1424228,0,0.090892125,0.011623597,0.002550411
GSM1424229,0,0.048850495,0.08954569,-0.04926357
GSM1424230,0,0.06005751,0.04751194,0.1208169
GSM1424231,0,0.03900042,0.009908695,-0.0792805
GSM1424232,0,0.0960759,-0.071577588,0.05091134
GSM1424233,0,0.1255673,-0.16114425,-0.01412925
GSM1424234,0,0.111372405,-0.01554843,0.02485613
GSM1424235,0,0.14715655,-0.1653245,0.1912353
GSM1424236,0,0.067579425,0.05985113,-0.04588554
GSM1424237,0,0.130491875,-0.076878165,0.03434079
GSM1424238,0,0.12538625,-4.84E-05,0.05751178
GSM1424239,0,0.045631825,0.073495645,-0.206791
GSM1424240,0,0.14495045,-0.05288497,0.05256464
GSM1424241,0,0.10148365,0.060183635,0.02944928
GSM1424242,0,-0.035528725,0.07659741,-0.1269883
GSM1424243,0,0.075621905,-0.051739934,-0.05010324
GSM1424244,0,0.06524357,-0.03282375,-0.2610831
GSM1424245,0,0.054952895,-0.036256922,0.08202069
GSM1424246,0,0.096100635,0.057464871,-0.007129094
GSM1090501,1,0.054097305,0.04661377,-0.02822959
GSM1090502,1,0.00248456,0.00646935,0.009184075
GSM1090503,0,0.00554594,0.038741845,0.01508313
GSM1090504,0,0.017289281,-0.10365573,0.007225185
GSM1090505,1,-0.092605565,0.075331085,-0.02748478
GSM1090506,1,-0.09556635,-0.32054605,0.1559286
GSM1090507,0,0.00555414,-0.10571826,0.1196274
GSM1090508,1,-0.04225787,-0.7765382,0.3511705
GSM1090509,0,-0.032112955,0.1665019,-0.01150473
GSM1090510,1,-0.090663045,-0.09152997,0.05316428
GSM1090511,1,-0.12845879,-0.2164355,-0.1579901
GSM1090512,1,-0.113770055,-0.021838403,-0.1361758
GSM1090513,1,0.001164895,-0.19107395,-0.02490793
GSM1090514,0,0.003852993,0.13790662,-0.01896173
GSM1090515,1,-0.018614455,-0.4136487,0.2561578
GSM1090516,1,0.121804,-0.2807742,-0.1603409
GSM1090517,1,-0.08147047,0.05422566,-0.1551058
GSM1090518,1,-0.06829078,-0.086235065,0.1225874
GSM1090519,1,-0.08146462,-0.54940785,0.01471161
GSM1090520,1,-0.014364304,0.11297456,-0.1889625
GSM1090521,1,-0.08576906,-0.1882572,-0.07199302
GSM1090522,1,-0.069763955,0.000722535,0.09833956
GSM1090523,0,0.06968793,0.15347835,-0.0842723
GSM1090524,1,-0.057212475,-0.16340595,-0.144144
GSM1090525,1,-0.03752652,-0.100152015,0.05415138
GSM1090526,1,-0.13112764,-0.116138395,-0.04488385
GSM1090527,1,0.07933158,-0.05759246,-0.3049793
GSM1090528,0,0.0843848,-0.073077805,-0.3307676
GSM1090529,0,0.0454253,-0.06151713,-0.239723
GSM1090530,1,-0.127133165,-0.30785235,0.09953652
GSM1090531,1,-0.073738086,-0.4444902,0.1538716
GSM1090532,1,0.014227975,-0.19957225,-0.03068552
GSM1090533,0,-0.0170319,0.04980362,-0.0226246
GSM1090534,1,0.06627234,-0.3532031,0.2037334
GSM1090535,1,-0.118582955,-0.45880945,0.07277571
GSM1090536,1,-0.040294075,-0.26492635,-0.03496123
GSM1090537,1,-0.102719705,-0.6518473,0.4738526
GSM1090538,0,0.015123215,0.1259096,0.03370028
GSM1090539,1,-0.087403765,-0.35450275,-0.04597846
GSM1090540,1,-0.065869325,-0.08075667,0.02184563
GSM1090541,1,-0.03343297,0.030092909,0.2020948
GSM1090542,0,0.05636171,0.084185515,-0.08646648
GSM1090543,1,-0.018560248,0.13188955,-0.1171545
GSM1090544,1,-0.089323215,-0.2643813,-0.05139303
GSM1090545,0,-0.00780546,0.14175945,-0.1209611
GSM1090546,0,-0.023787696,0.066637985,-0.03381439
GSM1090547,1,-0.031908094,-0.03403499,-0.08684967
GSM1090548,1,-0.02501787,0.002839705,-0.01059721
GSM1090549,1,-0.067570835,-0.031489373,-0.04156118
GSM1090550,1,0.013119925,-0.25673595,-0.1008568
GSM1090551,1,-0.00728323,-0.151817615,0.1306417
GSM1090552,0,0.023420855,0.026814445,0.1155222
GSM1090553,1,0.081008,-0.1833894,0.11355
GSM1090554,1,-0.088219855,-0.3297043,-0.02644869
GSM1090555,1,-0.084177325,0.03637994,-0.1704859
GSM1090556,1,-0.081519025,-0.14017781,-0.07528697
GSM1090557,1,-0.069511075,0.02412463,-0.2084208
GSM1090558,0,0.00803109,0.111541575,-0.177704
GSM1090559,1,0.022097475,-0.30495725,0.0788923
GSM1090560,1,-0.064790192,-0.10316606,-0.09627358
GSM1090561,1,0.011317978,-0.113329875,0.01351172
GSM1090562,1,-0.06471792,-0.5274424,0.3158999
GSM1090563,1,-0.048255335,-0.154405215,0.09357049
GSM1090564,1,-0.07413469,-0.00178629,-0.05579643
GSM1090565,1,-0.060996695,-0.30335205,0.2170737
GSM1090566,1,0.036255574,-0.3079992,0.1775387
GSM1090567,1,-0.06090895,0.03741387,-0.09835376
GSM1090568,0,0.042120245,-0.09697849,0.04277583
GSM1090569,0,-0.05470904,-0.07517881,-0.1764263
GSM1090570,1,0.097392835,-0.0272599,-0.2931059
GSM1090571,1,-0.09444501,-0.30323925,0.005682071
GSM1090572,1,-0.008223712,-0.044220956,-0.1365362
GSM1090573,0,0.100716415,0.068542865,-0.02051466
GSM1090574,1,0.026439005,-0.077935425,-0.06131424
GSM1090575,1,-0.056353165,-0.43488995,0.1432634
GSM1090576,0,-0.01536443,-0.094633535,0.07712406
GSM1090577,1,-0.06928411,-0.04174013,0.04602126
GSM1090578,1,-0.034495305,-0.6552566,0.1516136
GSM1090579,0,0.007796935,0.108328185,-0.133647
GSM1090580,1,-0.02549611,-0.443777,0.2517503
GSM1090581,1,-0.009809598,-0.09794838,-0.01809887
GSM1090582,1,-0.05648995,0.054169075,-0.06016735
GSM1090583,0,-0.006478389,0.10217982,-0.03855698
GSM1090584,1,-0.024643498,-0.1981837,-0.2067803
GSM1090585,1,-0.026778645,0.08096815,-0.1425225
GSM1090586,1,0.002240325,-0.3872494,0.1793183
GSM1090587,0,-0.013070009,0.041036545,-0.1930618
GSM1090588,1,0.003311206,0.09580077,-0.0688742
GSM1090589,1,0.09001263,-0.80387565,-0.08161657
GSM1090590,1,-0.0787807,-0.2733413,-0.04374292
GSM1090591,1,0.06143031,-0.024074289,-0.111205
GSM1090592,1,0.099121265,-0.2508184,0.1100924
GSM1090593,1,-0.19910515,0.2333729,-0.3644155
GSM1090594,1,0.01354903,0.04645934,0.02754341
GSM1090595,0,-0.001508437,0.07043427,-0.08239777
GSM1090596,0,-0.002042304,0.13499157,-0.1039781
GSM1090597,0,0.005299966,-0.0331541,-0.04632685
GSM1090598,0,0.017752225,0.003172405,-0.08545734
GSM1090599,1,-0.033946275,-0.042198585,0.03698162
GSM1090600,0,-0.009486283,0.094758385,0.04177144
GSM1090601,1,0.039614835,0.072651925,-0.1215628
GSM1090602,0,0.10337851,-0.17747795,0.05318661
GSM1090603,0,0.053108075,0.102388365,-0.1338486
GSM1090604,0,0.0183096,-0.11816567,0.1239981
GSM1090605,0,0.03336105,0.077277705,-0.196016
GSM1090606,0,0.002347867,0.1291747,0.000304196
GSM1090607,0,0.002051791,0.11535695,0.02060668
GSM1090608,0,-0.030864781,0.1746113,-0.03176509
GSM1090609,0,-0.00363272,0.09881399,-0.04943222
GSM1090610,0,0.10542485,-0.086669645,0.1009512
GSM1090611,0,0.00529499,0.11765915,0.0154356
GSM1090612,1,-0.047767675,-0.023691945,-0.1200805
GSM1090613,0,-0.03360529,0.003592625,-0.04367889
GSM1090614,0,-0.004260222,0.12555759,-0.06404454
GSM1090615,0,0.083188115,0.077832235,0.02272507
GSM1090616,1,0.049438185,0.018272021,-0.2833289
GSM1090617,0,0.076179043,-0.018877445,-0.01831669
GSM1090618,1,0.022803705,-0.38170875,0.3221695
GSM1090619,0,0.013098213,0.11043245,-0.05124623
GSM1090620,1,-0.033151296,-0.4480071,0.03824684
GSM1090621,0,0.00979812,0.22582465,-0.005973666
GSM1090622,0,0.03016223,0.140738,-0.01230472
GSM1090623,1,0.08495595,-0.35229455,-0.1108268
GSM1090624,1,-0.043681783,-0.141771545,-0.004917494
GSM1090625,0,-0.034749615,0.08432657,-0.01675996
GSM1090626,1,-0.046367012,-0.19096975,-0.02302365
GSM1090627,0,-0.026926145,0.13467112,-0.1313373
GSM1090628,0,0.00825039,-0.2991948,0.1425472
GSM1090629,0,-0.01440922,0.012086055,-0.009930992
GSM1090630,0,-0.029218096,-0.074313665,0.0122593
GSM1090631,0,-0.02125752,0.050599542,-0.08760745
GSM1090632,0,-0.01837843,0.08290841,-0.04815311
GSM1090633,1,-0.086361475,-0.3834355,0.04195945
GSM1090634,0,0.012947947,0.156798505,-0.05429123
GSM1090635,1,-0.101291745,-0.15451025,0.02992975
GSM1090636,0,0.052169795,0.08499926,-0.1476276
GSM1090637,1,-0.025935035,0.16021125,0.05130843
GSM1090638,1,0.052262565,-0.4502031,-0.004276853
GSM1090639,1,-0.06455173,-0.3811224,0.2912363
GSM1090640,0,0.06005751,0.04751194,0.1208169
GSM1090641,1,0.05843681,-0.12344497,0.01985719
GSM1090642,1,-0.051415295,-0.102040655,-0.143184
GSM1090643,0,-0.11811895,0.052247115,-0.01897435
GSM1090644,0,-0.017965115,0.10679728,-0.04794593
GSM1090645,0,0.03900042,0.009908695,-0.0792805
GSM1090646,1,0.06426152,-0.59097685,0.392884
GSM1090647,0,-0.063341245,0.04729135,-0.03415549
GSM1090648,1,0.020293045,-0.346856,0.2327622
GSM1090649,1,0.06894735,-0.34895185,0.3331431
GSM1090650,1,0.007818275,-0.15170455,0.003203783
GSM1090651,1,-0.00302347,-0.3028341,-0.1301462
GSM1090652,0,0.074975355,0.04501526,0.05531558
GSM1090653,1,0.070573885,-0.075940975,-0.05606633
GSM1090654,1,0.05814475,0.00380668,0.00355464
GSM1090655,1,-0.04185584,-0.16326965,0.03473273
GSM1090656,0,0.05068677,0.096762275,-0.09662209
GSM1090657,0,0.014180344,-0.09364863,0.06577342
GSM1090658,0,0.019609861,-0.108542535,0.1243317
GSM1090659,1,-0.032757075,-0.4087487,-0.1226375
GSM1090660,0,-0.038254865,0.101955455,-0.1479659
GSM1090661,0,-0.037684125,0.07381855,-0.0237198
GSM1090662,1,-0.028778345,-0.7982378,0.07860375
GSM1090663,0,-0.007806316,0.24619585,0.006577136
GSM1090664,0,0.008716188,0.067849675,0.03550911
GSM1090665,1,-0.05780819,-0.29321545,0.2453065
GSM1090666,1,-0.037068999,-0.004972615,-0.03866364
GSM1090667,1,-0.08893064,-0.2384838,-0.11214
GSM1090668,1,0.049840475,-0.40352525,0.1211052
GSM1090669,0,-0.03580728,0.116214785,-0.000810385
GSM1090670,0,-0.022283655,0.1094942,0.000796544
GSM1090671,1,0.06862156,-0.2160696,0.08822968
GSM1090672,0,-0.01983776,0.133929045,-0.1131725
GSM1090673,1,-0.06244111,-0.36881585,-0.0469987
GSM1090674,1,0.005825063,-0.03648717,-0.142611
GSM1090675,0,0.017835785,0.188137,-0.1197309
GSM1090676,1,0.05004714,-0.19380065,-0.03405621
GSM1090677,0,-0.03005493,0.112461975,-0.1073291
GSM1090678,1,0.063860655,-0.17467755,0.01542007
GSM1090679,1,-0.068526915,-0.062816875,-0.1431883
GSM1090680,1,0.000354765,-0.08507262,0.1751483
GSM1090681,0,-0.04888318,0.2345109,-0.1291262
GSM1090682,0,-0.011848585,0.04806293,-0.07584321
GSM1090683,0,0.003973235,0.115879035,-0.1859039
GSM1090684,0,0.001117211,0.09091402,0.03279136
GSM1090685,0,0.08665276,0.14094135,-0.0911436
GSM1090686,0,-0.04451288,0.07413638,0.003608955
GSM1090687,0,-0.04874354,0.16551005,-0.1637767
GSM1090688,0,0.097532525,-0.175360575,-0.08293089
GSM1090689,0,0.01011675,0.06407865,0.02383888
GSM1090690,1,-0.04430218,-0.0620217,-0.06247728
GSM1090691,0,-0.003190191,0.101900615,-0.05584945
GSM1090692,1,0.071361275,-0.090915735,-0.1690743
GSM1090693,0,0.14715655,-0.1653245,0.1912353
GSM1090694,0,-0.027935723,0.105384,-0.1212801
GSM1090695,0,-0.041133125,0.003424515,-0.1110148
GSM1090696,1,0.02261395,-0.6884574,0.1488801
GSM1090697,1,-0.047034105,-0.094236665,-0.01422074
GSM1090698,0,-0.018493725,0.1543132,0.005132118
GSM1090699,1,0.021986877,-0.2909035,0.04669456
GSM1090700,1,-0.05435185,-0.04704604,-0.002869789
GSM1090701,0,-0.02049354,0.11708413,-0.1259694
GSM1090702,0,-0.02183444,0.10315756,0.009682641
GSM1090703,0,-0.000557715,0.06976223,-0.09456635
GSM1090704,1,0.05363063,-0.2829522,-0.02253816
GSM1090705,0,-0.08879324,0.2335485,-0.1419206
GSM1090706,1,-0.027899195,-0.23671295,-0.105161
GSM1090707,0,0.014149635,0.01753631,-0.1999902
GSM1090708,1,-0.003112205,-0.3990507,-0.004070187
GSM1090709,1,-0.019437825,0.1495583,-0.03316675
GSM1090710,0,0.12538625,-4.84E-05,0.05751178
GSM1090711,1,0.12473026,-0.03564229,-0.1516416
GSM1090712,0,0.069095815,0.11809445,-0.008707071
GSM1090713,0,0.10021147,0.114881485,-0.05016086
GSM1090714,1,0.047876595,-0.29882055,0.03948274
GSM1090715,1,0.00280107,-0.39744,0.01022451
GSM1090716,0,0.045631825,0.073495645,-0.206791
GSM1090717,0,0.14495045,-0.05288497,0.05256464
GSM1090718,0,0.10148365,0.060183635,0.02944928
GSM1090719,1,-0.016144835,-0.09409597,-0.2285543
GSM1090720,1,0.010647295,0.046114956,-0.1375152
GSM1090721,0,-0.035528725,0.07659741,-0.1269883
GSM1090722,1,0.1513848,-0.10948633,-0.04123517
GSM1090723,0,0.075621905,-0.051739934,-0.05010324
GSM1090724,0,0.06524357,-0.03282375,-0.2610831
GSM1090725,0,0.148337315,0.05081364,0.2894916
GSM1090726,0,0.054952895,-0.036256922,0.08202069
GSM1090727,1,0.2142011,-0.63292705,0.1148141
GSM1090728,1,-0.02859089,0.00946851,-0.1463273
GSM1090729,1,0.043022015,-0.099978255,0.1626889
GSM1090730,1,0.025459725,-0.1736198,0.1266229
